Gene	Mutations	MutationFreq%	Lenght	Corrected
TP53	17	21.518987341772156	25759	0.0008353968454432
TTN	11	13.924050632911392	304813	4.5680632495698655e-05
MUC16	6	7.594936708860759	132498	5.732114227279476e-05
SYNE1	6	7.594936708860759	516114	1.4715618465805538e-05
SPTA1	5	6.329113924050633	76011	8.32657631665237e-05
PYHIN1	5	6.329113924050633	46263	0.0001368072525355
NALCN	5	6.329113924050633	362732	1.744845760520338e-05
USH2A	5	6.329113924050633	800557	7.905887930591617e-06
TAF1L	4	5.063291139240507	6215	0.0008146888397812
KMT2D	4	5.063291139240507	41819	0.0001210763322709
SPOP	4	5.063291139240507	79279	6.386673821870238e-05
LRP1B	4	5.063291139240507	1899593	2.665461043097393e-06
PCDHA12	3	3.79746835443038	137045	2.770964540428604e-05
ERCC2	3	3.79746835443038	21081	0.0001801370122114
FLG	3	3.79746835443038	23074	0.0001645778085477
IL6ST	3	3.79746835443038	59927	6.336823726250904e-05
DCHS2	3	3.79746835443038	260057	1.460244621152432e-05
FAT2	3	3.79746835443038	87239	4.352948055835555e-05
SCN7A	3	3.79746835443038	207909	1.8265050355830575e-05
HSPA8	3	3.79746835443038	5741	0.0006614646149504
CDK12	3	3.79746835443038	103421	3.671854221512439e-05
OR52A1	3	3.79746835443038	7933	0.0004786925947851
CUBN	3	3.79746835443038	305845	1.2416316612762608e-05
FCGBP	3	3.79746835443038	71303	5.325818485099336e-05
KIAA1549L	3	3.79746835443038	297994	1.2743438976725638e-05
HSPG2	3	3.79746835443038	115066	3.30025233729371e-05
APOB	3	3.79746835443038	42644	8.90504726205417e-05
BSN	3	3.79746835443038	117072	3.24370332310918e-05
MAP2	3	3.79746835443038	310100	1.2245947611836115e-05
NYNRIN	3	3.79746835443038	20280	0.0001872518912441
PCDHA1	3	3.79746835443038	226211	1.678728423653306e-05
COL11A1	3	3.79746835443038	232405	1.633987373090243e-05
KIF13A	3	3.79746835443038	228452	1.6622609364025613e-05
PHC1	3	3.79746835443038	27571	0.0001377341538003
COL21A1	3	3.79746835443038	337504	1.1251624734611678e-05
SACS	3	3.79746835443038	145074	2.617607810104071e-05
PKD1	2	2.5316455696202533	47190	5.364792476415031e-05
FAM84A	2	2.5316455696202533	18128	0.0001396538818192
ITGAM	2	2.5316455696202533	72925	3.4715743155574265e-05
BRIP1	2	2.5316455696202533	184420	1.3727608554496543e-05
STRN3	2	2.5316455696202533	132602	1.909206173074504e-05
SORCS1	2	2.5316455696202533	591043	4.28335259806859e-06
MCTP1	2	2.5316455696202533	581404	4.354365586786904e-06
SIPA1L3	2	2.5316455696202533	301161	8.406286237661097e-06
DSEL	2	2.5316455696202533	10133	0.0002498416628461
KIF16B	2	2.5316455696202533	301344	8.401181273296475e-06
CDH6	2	2.5316455696202533	135460	1.8689248262367143e-05
PCDH10	2	2.5316455696202533	59312	4.268353064506767e-05
GLI3	2	2.5316455696202533	303151	8.351104134969877e-06
PFKP	2	2.5316455696202533	71385	3.5464671424252335e-05
ARSF	2	2.5316455696202533	71256	3.552887573846768e-05
MED12	2	2.5316455696202533	25560	9.904716626057328e-05
GGT5	2	2.5316455696202533	25454	9.945963579870562e-05
MYT1L	2	2.5316455696202533	542551	4.666189113318845e-06
CSMD2	2	2.5316455696202533	651844	3.883821235786865e-06
NAT2	2	2.5316455696202533	9936	0.0002547952465398
TTC7B	2	2.5316455696202533	291915	8.672543615847947e-06
RYR1	2	2.5316455696202533	161582	1.566786875778399e-05
HTR1E	2	2.5316455696202533	79151	3.1985010544658353e-05
FAM208B	2	2.5316455696202533	78902	3.2085949274039354e-05
TUBB4A	2	2.5316455696202533	8529	0.0002968279481322
PDILT	2	2.5316455696202533	45562	5.5564847232787255e-05
IPO4	2	2.5316455696202533	8650	0.0002926757883954
IRF4	2	2.5316455696202533	19704	0.0001284838393026
MYH2	2	2.5316455696202533	28552	8.866788910129774e-05
VILL	2	2.5316455696202533	19129	0.0001323459443577
BBS9	2	2.5316455696202533	767623	3.2980324581471028e-06
AMDHD1	2	2.5316455696202533	25389	9.971426876286002e-05
EGFR	2	2.5316455696202533	192611	1.3143826518839804e-05
TMEM260	2	2.5316455696202533	162252	1.5603170189706464e-05
PCDHA10	2	2.5316455696202533	156464	1.61803710094351e-05
BMPR2	2	2.5316455696202533	191424	1.3225329998434125e-05
PCDHA5	2	2.5316455696202533	190743	1.3272547719288536e-05
XIRP1	2	2.5316455696202533	9386	0.0002697257159194
VPS13D	2	2.5316455696202533	282017	8.97692539676776e-06
CHD1	2	2.5316455696202533	75022	3.374537561808874e-05
MYH11	2	2.5316455696202533	153893	1.6450686968349783e-05
FAT4	2	2.5316455696202533	178014	1.4221609365669293e-05
POM121C	2	2.5316455696202533	69513	3.6419742632604735e-05
WNK3	2	2.5316455696202533	165819	1.5267524045014463e-05
HFM1	2	2.5316455696202533	144090	1.756989082948333e-05
SV2A	2	2.5316455696202533	14526	0.0001742837374101
PI4KA	2	2.5316455696202533	151726	1.6685641021448223e-05
PAPPA2	2	2.5316455696202533	382430	6.619892711398827e-06
PLCB4	2	2.5316455696202533	436768	5.79631651041343e-06
ADCY2	2	2.5316455696202533	433943	5.834050945908226e-06
MEFV	2	2.5316455696202533	14606	0.0001733291503231
PCDHA9	2	2.5316455696202533	164575	1.5382929178916927e-05
OLFML3	2	2.5316455696202533	56181	4.506230878090908e-05
SALL3	2	2.5316455696202533	22859	0.0001107504951931
ATM	2	2.5316455696202533	146058	1.7333152375222535e-05
MOGAT2	2	2.5316455696202533	15120	0.0001674368762976
SETBP1	2	2.5316455696202533	388337	6.519197422909105e-06
EPPK1	2	2.5316455696202533	21143	0.0001197391841091
ZMYM3	2	2.5316455696202533	15522	0.0001631004747854
POLR2B	2	2.5316455696202533	53436	4.7377153410065376e-05
DHTKD1	2	2.5316455696202533	54267	4.665165882802169e-05
USP9X	2	2.5316455696202533	151134	1.6750999574022082e-05
NABP1	2	2.5316455696202533	63029	4.016636103413116e-05
ACTG1	2	2.5316455696202533	14434	0.0001753945939878
TRRAP	2	2.5316455696202533	172898	1.464242252438e-05
NTNG1	2	2.5316455696202533	344916	7.339890204050416e-06
GNL3	2	2.5316455696202533	13341	0.0001897643032471
ASTN1	2	2.5316455696202533	307671	8.228417919206728e-06
GLOD4	2	2.5316455696202533	25197	0.0001004740869794
RETSAT	2	2.5316455696202533	12576	0.0002013076947853
EIF4G3	2	2.5316455696202533	370993	6.823971259889682e-06
USP29	2	2.5316455696202533	12788	0.0001979704073835
ADAM23	2	2.5316455696202533	177595	1.4255162417974904e-05
AFF2	2	2.5316455696202533	500046	5.06282535930745e-06
PSG7	2	2.5316455696202533	13075	0.0001936249001621
DOPEY2	2	2.5316455696202533	137492	1.8413039083148496e-05
EPHB1	2	2.5316455696202533	465207	5.441976517163871e-06
CACNA1E	2	2.5316455696202533	495572	5.108532301300826e-06
XIRP2	2	2.5316455696202533	371273	6.818824879859977e-06
SCRIB	2	2.5316455696202533	24853	0.0001018647877367
ZNF536	2	2.5316455696202533	488695	5.180420445513568e-06
OSCAR	2	2.5316455696202533	8024	0.0003155091686964
DNAH9	2	2.5316455696202533	371278	6.81873305076049e-06
SLC16A6	2	2.5316455696202533	24241	0.0001044365153921
CTTNBP2	2	2.5316455696202533	163488	1.5485207291178883e-05
XPO4	2	2.5316455696202533	125719	2.0137334608295116e-05
C8orf74	2	2.5316455696202533	27962	9.053878726916004e-05
ITGA7	2	2.5316455696202533	31836	7.95214715925447e-05
LIMK1	2	2.5316455696202533	39592	6.394336152809288e-05
LRRC74A	2	2.5316455696202533	43932	5.762645838159549e-05
MUC17	2	2.5316455696202533	38787	6.527046612577032e-05
GAB2	2	2.5316455696202533	203055	1.2467782470858895e-05
MUC5B	2	2.5316455696202533	39106	6.47380343072739e-05
SYT9	2	2.5316455696202533	230265	1.0994487089311244e-05
SART3	2	2.5316455696202533	39186	6.460586866789805e-05
IGSF10	2	2.5316455696202533	35677	7.096015835468939e-05
PDLIM5	2	2.5316455696202533	216370	1.1700538751306804e-05
SPATA31A1	2	2.5316455696202533	6293	0.0004022954981122
TOP3A	2	2.5316455696202533	43579	5.809324605016759e-05
COL1A2	2	2.5316455696202533	36332	6.96808755262648e-05
SPATA31A6	2	2.5316455696202533	6228	0.0004064941505491
CPT1A	2	2.5316455696202533	89790	2.819518398062427e-05
LCN2	2	2.5316455696202533	4382	0.0005777374645413
ADAD2	2	2.5316455696202533	6030	0.0004198417196716
PCDHB7	2	2.5316455696202533	3739	0.0006770916206526
ZNF800	2	2.5316455696202533	85134	2.9737185726269803e-05
SCN11A	2	2.5316455696202533	206393	1.226614066184538e-05
PTCHD4	2	2.5316455696202533	254524	9.946588807421908e-06
KRT27	2	2.5316455696202533	5742	0.0004408996115674
CAMTA1	2	2.5316455696202533	984252	2.572151816425319e-06
AAK1	2	2.5316455696202533	216352	1.17015122098259e-05
TSC2	2	2.5316455696202533	41524	6.096824895530906e-05
TRANK1	2	2.5316455696202533	118238	2.1411437690254007e-05
ZFAT	2	2.5316455696202533	235261	1.076100828280188e-05
NLRP7	2	2.5316455696202533	42803	5.914645164171327e-05
CSMD3	2	2.5316455696202533	1214011	2.0853563679573355e-06
LY9	2	2.5316455696202533	32187	7.865428805481261e-05
DCN	2	2.5316455696202533	42733	5.9243338160678e-05
NFKBIZ	2	2.5316455696202533	33031	7.66445330029443e-05
SPHKAP	2	2.5316455696202533	201732	1.2549548755875384e-05
COL4A5	2	2.5316455696202533	257707	9.82373614073445e-06
EPB41L3	2	2.5316455696202533	238319	1.0622927964703837e-05
NPHP1	2	2.5316455696202533	82755	3.059205570201502e-05
OR5M8	2	2.5316455696202533	935	0.0027076423204494
OR5D13	2	2.5316455696202533	944	0.0026818279339197
ANAPC5	2	2.5316455696202533	91651	2.7622672634453016e-05
OR2AE1	2	2.5316455696202533	971	0.0026072559934297
SLC12A5	2	2.5316455696202533	38460	6.582541782683966e-05
KCND3	2	2.5316455696202533	219006	1.1559708727707246e-05
NR1D1	2	2.5316455696202533	7796	0.0003247364763494
CMYA5	2	2.5316455696202533	110404	2.2930741364626765e-05
RGMB	2	2.5316455696202533	29993	8.440788082620122e-05
FNDC1	2	2.5316455696202533	102708	2.464896181037751e-05
BCL11B	2	2.5316455696202533	102910	2.460057885162038e-05
NPAP1	2	2.5316455696202533	7618	0.0003323241755868
FGA	2	2.5316455696202533	7616	0.0003324114455908
PGR	2	2.5316455696202533	100189	2.5268697857252325e-05
MMP9	2	2.5316455696202533	7653	0.0003308043341983
DYNC1H1	2	2.5316455696202533	91870	2.7556825619029644e-05
GJB5	2	2.5316455696202533	3465	0.000730633642026
RAD54B	2	2.5316455696202533	103155	2.4542150837286156e-05
SNTG1	2	2.5316455696202533	886903	2.854478527663401e-06
ADGRL3	2	2.5316455696202533	878009	2.883393643596197e-06
BRAF	2	2.5316455696202533	205602	1.2313331434617626e-05
POM121L12	2	2.5316455696202533	1292	0.0019594779950621
CEP126	1	1.2658227848101269	86052	1.4709975187213853e-05
MOXD1	1	1.2658227848101269	105420	1.2007425391862329e-05
SP3	1	1.2658227848101269	84523	1.4976074971429394e-05
WDR66	1	1.2658227848101269	86065	1.4707753265672766e-05
TPTE	1	1.2658227848101269	84587	1.4964743811816551e-05
PCDHGB6	1	1.2658227848101269	104954	1.2060738845685982e-05
PCDHAC1	1	1.2658227848101269	86048	1.4710658990448662e-05
PRDM9	1	1.2658227848101269	84507	1.497891044304172e-05
MYH9	1	1.2658227848101269	106730	1.1860046704863924e-05
FAM102B	1	1.2658227848101269	84811	1.4925219426844708e-05
PTK7	1	1.2658227848101269	85412	1.4820198389103716e-05
TBX15	1	1.2658227848101269	106510	1.188454403164141e-05
KIRREL	1	1.2658227848101269	106989	1.183133578975527e-05
WI2-3308P17.2	1	1.2658227848101269	106471	1.1888897303586204e-05
MYLK4	1	1.2658227848101269	106701	1.186327011752586e-05
MOCOS	1	1.2658227848101269	84660	1.4951840122963931e-05
VAV1	1	1.2658227848101269	84658	1.4952193352195029e-05
FAM83B	1	1.2658227848101269	98328	1.2873472305041562e-05
PCM1	1	1.2658227848101269	107106	1.1818411525125825e-05
PIWIL2	1	1.2658227848101269	82252	1.5389568458032953e-05
C2orf61	1	1.2658227848101269	109840	1.1524242396304866e-05
NFYC	1	1.2658227848101269	79955	1.5831690135827983e-05
THRAP3	1	1.2658227848101269	80925	1.5641925051716113e-05
B4GALT5	1	1.2658227848101269	80933	1.5640378891306716e-05
SCEL	1	1.2658227848101269	109589	1.155063724288137e-05
PRDM15	1	1.2658227848101269	81257	1.55780152455804e-05
NBPF19	1	1.2658227848101269	81316	1.5566712391289862e-05
GUCY2F	1	1.2658227848101269	109180	1.159390716990407e-05
NUP214	1	1.2658227848101269	109090	1.160347222302802e-05
YTHDC2	1	1.2658227848101269	81591	1.5514245257566725e-05
UACA	1	1.2658227848101269	109004	1.1612626920205924e-05
CFAP74	1	1.2658227848101269	81886	1.5458354111937652e-05
BAZ1B	1	1.2658227848101269	81887	1.545816533528065e-05
SPAG6	1	1.2658227848101269	108779	1.1636646639609912e-05
KDM3B	1	1.2658227848101269	84343	1.5008036052904529e-05
RASGEF1C	1	1.2658227848101269	108416	1.1675608626126464e-05
SLC12A6	1	1.2658227848101269	108276	1.169070509448194e-05
ATP10D	1	1.2658227848101269	108211	1.1697727447395612e-05
EEF2K	1	1.2658227848101269	82460	1.5350749270071874e-05
MACC1	1	1.2658227848101269	82749	1.5297136941958532e-05
MELK	1	1.2658227848101269	104821	1.207604186956933e-05
C1S	1	1.2658227848101269	82773	1.529270154289595e-05
IQUB	1	1.2658227848101269	82884	1.5272221234618582e-05
GPATCH8	1	1.2658227848101269	108149	1.1704433557500546e-05
USP53	1	1.2658227848101269	82931	1.5263565913954088e-05
GUCY2C	1	1.2658227848101269	83967	1.5075241283005544e-05
FBN3	1	1.2658227848101269	84190	1.503531042653672e-05
TP53BP1	1	1.2658227848101269	107667	1.1756831571513338e-05
A1CF	1	1.2658227848101269	86266	1.4673484163055276e-05
CHRNB4	1	1.2658227848101269	103643	1.221329742298203e-05
NRIP1	1	1.2658227848101269	104701	1.2089882473043491e-05
PCDHGA11	1	1.2658227848101269	91928	1.3769719615461304e-05
GLTSCR1	1	1.2658227848101269	95081	1.3313099197632826e-05
USP10	1	1.2658227848101269	79936	1.5835453172664714e-05
CFH	1	1.2658227848101269	100722	1.2567490566213208e-05
CLSTN1	1	1.2658227848101269	95058	1.3316320402387245e-05
LRRC3B	1	1.2658227848101269	94765	1.3357492584921927e-05
RPRD1B	1	1.2658227848101269	94055	1.3458325286376338e-05
NLRC5	1	1.2658227848101269	94046	1.345961321917069e-05
SETX	1	1.2658227848101269	93630	1.35194145552721e-05
TNPO3	1	1.2658227848101269	100993	1.2533767536464177e-05
NPEPPS	1	1.2658227848101269	101723	1.2443820815451043e-05
NUDCD1	1	1.2658227848101269	93202	1.3581498088132514e-05
CENPE	1	1.2658227848101269	93096	1.3596962112337014e-05
CYP2C19	1	1.2658227848101269	92866	1.36306375294524e-05
PPP1R42	1	1.2658227848101269	92505	1.36838309800565e-05
HSDL2	1	1.2658227848101269	92325	1.3710509448254825e-05
ITGB6	1	1.2658227848101269	100646	1.2576980553724208e-05
FKTN	1	1.2658227848101269	95698	1.3227264778889072e-05
GLB1	1	1.2658227848101269	100593	1.2583607058245868e-05
SYK	1	1.2658227848101269	96762	1.308181708532406e-05
CEP152	1	1.2658227848101269	98218	1.2887890048770356e-05
GAP43	1	1.2658227848101269	97980	1.2919195599205211e-05
PDE2A	1	1.2658227848101269	98450	1.2857519398782392e-05
CUL5	1	1.2658227848101269	98863	1.280380713522882e-05
PAX3	1	1.2658227848101269	99111	1.2771768873385665e-05
FLT3	1	1.2658227848101269	97318	1.300707767124403e-05
PIK3CD	1	1.2658227848101269	99225	1.2757095336962729e-05
ANKRD13C	1	1.2658227848101269	95735	1.3222152659007954e-05
ESYT2	1	1.2658227848101269	99258	1.2752854024966518e-05
MTBP	1	1.2658227848101269	96733	1.3085738939246447e-05
DNHD1	1	1.2658227848101269	96498	1.3117606425108568e-05
TANK	1	1.2658227848101269	99322	1.274463648345912e-05
ST8SIA4	1	1.2658227848101269	96349	1.3137892295821718e-05
AMZ1	1	1.2658227848101269	95978	1.3188676413450236e-05
PPP6R2	1	1.2658227848101269	101786	1.2436118766924004e-05
NUP153	1	1.2658227848101269	91890	1.3775413916749663e-05
UGGT1	1	1.2658227848101269	104477	1.2115803332887877e-05
SLC39A12	1	1.2658227848101269	91453	1.3841238502948252e-05
DENND2C	1	1.2658227848101269	87574	1.445432188560676e-05
ZC3H13	1	1.2658227848101269	98294	1.2877925252916012e-05
EP300	1	1.2658227848101269	87485	1.4469026516661444e-05
C9	1	1.2658227848101269	87184	1.4518980372661572e-05
ENPP1	1	1.2658227848101269	87139	1.4526478210791112e-05
XPO7	1	1.2658227848101269	86923	1.456257589832526e-05
ATP13A5	1	1.2658227848101269	104031	1.216774600657618e-05
ANKAR	1	1.2658227848101269	86903	1.4565927353602596e-05
DIAPH1	1	1.2658227848101269	104039	1.2166810376975236e-05
SP4	1	1.2658227848101269	86779	1.4586740856775564e-05
ZCCHC14	1	1.2658227848101269	86778	1.4586908949389552e-05
CASC1	1	1.2658227848101269	86742	1.459296286470368e-05
SPEN	1	1.2658227848101269	104361	1.2129270367379831e-05
ITGAE	1	1.2658227848101269	86560	1.4623645850394257e-05
ABCA9	1	1.2658227848101269	86461	1.464039028938049e-05
MTMR2	1	1.2658227848101269	103549	1.222438444417741e-05
GAD2	1	1.2658227848101269	87893	1.4401861181324184e-05
TUBGCP3	1	1.2658227848101269	103194	1.2266437824002622e-05
LNPEP	1	1.2658227848101269	102119	1.239556580861668e-05
UHRF1BP1	1	1.2658227848101269	91123	1.3891364252824497e-05
CEP63	1	1.2658227848101269	102090	1.2399086931238384e-05
CPD	1	1.2658227848101269	91062	1.3900669706465118e-05
GTF3C1	1	1.2658227848101269	90358	1.4008973027403514e-05
TECTA	1	1.2658227848101269	90247	1.4026203472803824e-05
ATAD1	1	1.2658227848101269	89849	1.4088334703893497e-05
DCAF5	1	1.2658227848101269	102269	1.2377384982840612e-05
USP31	1	1.2658227848101269	88046	1.4376834663813536e-05
CBFA2T3	1	1.2658227848101269	102349	1.2367710332393348e-05
ARID1A	1	1.2658227848101269	88868	1.4243853634718082e-05
PHF2	1	1.2658227848101269	103003	1.2289183662710082e-05
MYOCD	1	1.2658227848101269	103059	1.2282505989871108e-05
PRDM10	1	1.2658227848101269	103129	1.2274169097054431e-05
CNGB1	1	1.2658227848101269	88788	1.4256687669618942e-05
HIST1H4J	1	1.2658227848101269	372	0.0034027494215325
ZDHHC11B	1	1.2658227848101269	74374	1.7019694850487086e-05
MXI1	1	1.2658227848101269	79760	1.5870395998120944e-05
PKNOX1	1	1.2658227848101269	59421	2.130261666431273e-05
SLC8B1	1	1.2658227848101269	60734	2.0842078322029283e-05
ZNF341	1	1.2658227848101269	60612	2.0884029314494268e-05
SHANK1	1	1.2658227848101269	60547	2.0906449284194537e-05
ICK	1	1.2658227848101269	60523	2.091473959998887e-05
NOX3	1	1.2658227848101269	60471	2.093272452597322e-05
GCC2	1	1.2658227848101269	60308	2.0989301333324377e-05
METTL9	1	1.2658227848101269	60253	2.100846073739277e-05
GOLGA3	1	1.2658227848101269	60241	2.101264562026073e-05
SQRDL	1	1.2658227848101269	60146	2.104583488195601e-05
DHX32	1	1.2658227848101269	60099	2.106229362901424e-05
CP	1	1.2658227848101269	59419	2.1303333694779893e-05
MAPK8IP3	1	1.2658227848101269	64185	1.972147362795243e-05
ZC3H11A	1	1.2658227848101269	59376	2.131876153344999e-05
CAPN5	1	1.2658227848101269	59194	2.13843089639174e-05
FAM81B	1	1.2658227848101269	59088	2.142267101289816e-05
FPR1	1	1.2658227848101269	58943	2.147537086354829e-05
SPEG	1	1.2658227848101269	58786	2.1532725220462808e-05
IGF2BP1	1	1.2658227848101269	58760	2.1542252974985132e-05
MARCH7	1	1.2658227848101269	58570	2.161213564640817e-05
PTCHD2	1	1.2658227848101269	58418	2.1668369078197244e-05
LRRC36	1	1.2658227848101269	58406	2.1672821025410515e-05
SYNPO	1	1.2658227848101269	58127	2.177684698694456e-05
GPBP1L1	1	1.2658227848101269	60809	2.0816372326631364e-05
SUN2	1	1.2658227848101269	60853	2.0801320967086693e-05
SLC28A1	1	1.2658227848101269	61144	2.0702322138069583e-05
TVP23C	1	1.2658227848101269	61331	2.0639200156692805e-05
NRDE2	1	1.2658227848101269	64109	1.974485305979077e-05
TPR	1	1.2658227848101269	64041	1.9765818535159145e-05
ETV5	1	1.2658227848101269	64004	1.97772449348498e-05
KLHL18	1	1.2658227848101269	63899	1.980974326374633e-05
POLE	1	1.2658227848101269	63623	1.989567899674845e-05
HSD17B2	1	1.2658227848101269	63530	1.992480379049467e-05
KMO	1	1.2658227848101269	63508	1.9931706002552853e-05
ZNF578	1	1.2658227848101269	63329	1.998804315258612e-05
DOCK6	1	1.2658227848101269	63229	2.001965529757116e-05
MBTPS1	1	1.2658227848101269	63181	2.0034864671501342e-05
ZNF345	1	1.2658227848101269	62668	2.019886999441703e-05
ASPM	1	1.2658227848101269	62573	2.022953645837864e-05
KIAA0753	1	1.2658227848101269	62564	2.023244653171355e-05
ZNF318	1	1.2658227848101269	62513	2.024895277478487e-05
FER1L5	1	1.2658227848101269	62150	2.03672209945314e-05
ATXN3	1	1.2658227848101269	62125	2.037541705931793e-05
MRPS9	1	1.2658227848101269	61891	2.0452453261542496e-05
VAPB	1	1.2658227848101269	61872	2.04587339153434e-05
ATPAF2	1	1.2658227848101269	61800	2.0482569333497195e-05
ZC3H18	1	1.2658227848101269	61561	2.056208938792623e-05
NAALAD2	1	1.2658227848101269	61379	2.062305975675926e-05
LZTS1	1	1.2658227848101269	57798	2.190080599346217e-05
TMCC2	1	1.2658227848101269	57686	2.194332740717205e-05
ZFYVE1	1	1.2658227848101269	57680	2.194561000017557e-05
SLC6A15	1	1.2658227848101269	54138	2.338141018896388e-05
SF3B3	1	1.2658227848101269	53879	2.349380621039972e-05
CCNK	1	1.2658227848101269	53875	2.349555053011836e-05
RHOA	1	1.2658227848101269	53859	2.350253039993551e-05
NR2C1	1	1.2658227848101269	53399	2.37049904457036e-05
MFSD2B	1	1.2658227848101269	53240	2.3775784838657523e-05
TMEM255A	1	1.2658227848101269	52906	2.392588335557643e-05
NGF	1	1.2658227848101269	52866	2.394398639598469e-05
C3	1	1.2658227848101269	52858	2.3947610291916575e-05
OCRL	1	1.2658227848101269	52712	2.4013939611665785e-05
CNDP1	1	1.2658227848101269	52712	2.4013939611665785e-05
CYP2C18	1	1.2658227848101269	52461	2.4128834463889877e-05
DCLK3	1	1.2658227848101269	52132	2.4281109199918026e-05
TGM6	1	1.2658227848101269	51852	2.4412226814975828e-05
STYXL1	1	1.2658227848101269	51666	2.450011196551168e-05
NOTCH1	1	1.2658227848101269	51615	2.4524320155189897e-05
RALGDS	1	1.2658227848101269	51614	2.4524795303796e-05
PHLDB1	1	1.2658227848101269	51591	2.453572880560808e-05
IL4R	1	1.2658227848101269	51110	2.476663636881484e-05
AKAP11	1	1.2658227848101269	51109	2.4767120953454905e-05
CYP4Z1	1	1.2658227848101269	51087	2.477778661518833e-05
FRMD7	1	1.2658227848101269	51030	2.48054631552053e-05
STRIP2	1	1.2658227848101269	53967	2.345549659625561e-05
NOD1	1	1.2658227848101269	54257	2.3330128551341333e-05
RBL2	1	1.2658227848101269	57671	2.1949034780221024e-05
RSPRY1	1	1.2658227848101269	54332	2.329792359585744e-05
TM9SF4	1	1.2658227848101269	57544	2.199747644950171e-05
GALNT15	1	1.2658227848101269	57312	2.20865226272007e-05
ATG13	1	1.2658227848101269	57291	2.2094618435882192e-05
ZFAND4	1	1.2658227848101269	57280	2.209886146665724e-05
ANXA6	1	1.2658227848101269	57109	2.216503151535006e-05
TFDP1	1	1.2658227848101269	56752	2.2304461249121205e-05
PACRGL	1	1.2658227848101269	56625	2.23544862659625e-05
HLTF	1	1.2658227848101269	56427	2.243292723005169e-05
GTPBP10	1	1.2658227848101269	56230	2.2511520270498428e-05
SMYD2	1	1.2658227848101269	56029	2.25922787272685e-05
ANXA2	1	1.2658227848101269	55749	2.2705748709575536e-05
MRPS25	1	1.2658227848101269	55728	2.271430492409788e-05
TRPA1	1	1.2658227848101269	55667	2.2739195300808857e-05
HEATR1	1	1.2658227848101269	55511	2.2803098211347775e-05
IFI16	1	1.2658227848101269	55187	2.2936974012179076e-05
ZNF713	1	1.2658227848101269	55074	2.2984035748449843e-05
STMN2	1	1.2658227848101269	55041	2.299781589742422e-05
CA5A	1	1.2658227848101269	55034	2.3000741083877723e-05
PKD2L2	1	1.2658227848101269	54779	2.31078111102818e-05
SOX13	1	1.2658227848101269	54628	2.3171684572199724e-05
TBX5	1	1.2658227848101269	54531	2.3212902474007933e-05
ACOT12	1	1.2658227848101269	64183	1.972208816680627e-05
ZAN	1	1.2658227848101269	64202	1.9716251593566034e-05
PLCH2	1	1.2658227848101269	79552	1.5911891401977657e-05
RAP1GAP	1	1.2658227848101269	73136	1.7307793491715797e-05
MASP1	1	1.2658227848101269	74698	1.694587251077842e-05
ZNF215	1	1.2658227848101269	74600	1.6968133844639765e-05
SCYL2	1	1.2658227848101269	74575	1.6973822122831063e-05
SIAH3	1	1.2658227848101269	74511	1.6988401508638007e-05
OPA3	1	1.2658227848101269	74445	1.7003462755190093e-05
SPTBN4	1	1.2658227848101269	110223	1.1484198259983184e-05
CYTIP	1	1.2658227848101269	74342	1.7027020860484338e-05
GOLM1	1	1.2658227848101269	74027	1.709947431086126e-05
AGL	1	1.2658227848101269	73662	1.7184203317994714e-05
MROH5	1	1.2658227848101269	73401	1.7245307077698212e-05
LRRC8B	1	1.2658227848101269	73032	1.7332440366005677e-05
ZNF432	1	1.2658227848101269	64360	1.9667849360008185e-05
PRSS12	1	1.2658227848101269	72965	1.7348355852944927e-05
FAM163A	1	1.2658227848101269	72907	1.7362157060503472e-05
LMCD1	1	1.2658227848101269	72861	1.737311846955335e-05
SLC5A10	1	1.2658227848101269	72250	1.7520038544084796e-05
SEC22A	1	1.2658227848101269	72209	1.7529986356411618e-05
CARS2	1	1.2658227848101269	72191	1.7534357257970198e-05
ZNF730	1	1.2658227848101269	72011	1.7578186454987802e-05
ACAN	1	1.2658227848101269	71917	1.7601162239945026e-05
ACTL8	1	1.2658227848101269	71730	1.764704844291268e-05
SMEK2	1	1.2658227848101269	71588	1.7682052645836263e-05
MMRN1	1	1.2658227848101269	75097	1.685583691505821e-05
ABCC12	1	1.2658227848101269	75136	1.6847087745024042e-05
RTF1	1	1.2658227848101269	75155	1.684282861832382e-05
ELMSAN1	1	1.2658227848101269	75163	1.6841035946012355e-05
FBXL4	1	1.2658227848101269	79471	1.59281094337573e-05
LAMB1	1	1.2658227848101269	79414	1.5939541954946565e-05
IRAK2	1	1.2658227848101269	78826	1.605844245312621e-05
TNFRSF21	1	1.2658227848101269	78373	1.6151261082389684e-05
PPL	1	1.2658227848101269	78234	1.6179957369048325e-05
RAB8B	1	1.2658227848101269	78216	1.6183680894064212e-05
GRK4	1	1.2658227848101269	77189	1.639900484279012e-05
KIF24	1	1.2658227848101269	76888	1.6463203423292667e-05
PTER	1	1.2658227848101269	76802	1.6481638301217763e-05
CTCF	1	1.2658227848101269	76710	1.6501405094643807e-05
PPP2R5A	1	1.2658227848101269	76443	1.655904117852683e-05
GNB5	1	1.2658227848101269	76292	1.6591815456537074e-05
ITPR3	1	1.2658227848101269	76209	1.6609885772154558e-05
SMAD9	1	1.2658227848101269	75934	1.6670039571339933e-05
ZNF658	1	1.2658227848101269	75715	1.6718256419601486e-05
FN1	1	1.2658227848101269	75633	1.673638206616327e-05
CDH26	1	1.2658227848101269	75588	1.674634577988737e-05
ZNF518A	1	1.2658227848101269	75573	1.6749669654640237e-05
ARL13B	1	1.2658227848101269	75539	1.6757208657913483e-05
DPP8	1	1.2658227848101269	75241	1.682357736885643e-05
STK35	1	1.2658227848101269	75211	1.6830287920784548e-05
NGLY1	1	1.2658227848101269	71095	1.7804666781210023e-05
ACAD10	1	1.2658227848101269	71054	1.7814940535509985e-05
CTNNAL1	1	1.2658227848101269	70953	1.7840299702762765e-05
EFHB	1	1.2658227848101269	67553	1.8738217174812763e-05
P2RY14	1	1.2658227848101269	66425	1.9056421299362088e-05
ESRP1	1	1.2658227848101269	66392	1.906589325235159e-05
AMOT	1	1.2658227848101269	66328	1.9084289965174988e-05
CTNND1	1	1.2658227848101269	66303	1.909148582734004e-05
NTRK1	1	1.2658227848101269	66214	1.911714720165111e-05
CFAP69	1	1.2658227848101269	65889	1.9211443257753598e-05
KIAA1429	1	1.2658227848101269	65836	1.922690905902738e-05
RUNX3	1	1.2658227848101269	65610	1.9293138009604124e-05
ATP2B3	1	1.2658227848101269	65297	1.9385619321103975e-05
SLC2A12	1	1.2658227848101269	65043	1.946132227618847e-05
SLC17A8	1	1.2658227848101269	64981	1.9479890811316023e-05
FANCM	1	1.2658227848101269	64960	1.948618818981106e-05
USP30	1	1.2658227848101269	64934	1.9493990587521584e-05
ABCA3	1	1.2658227848101269	64865	1.9514727276807625e-05
LTN1	1	1.2658227848101269	64812	1.953068544112397e-05
C11orf74	1	1.2658227848101269	64797	1.9535206642439103e-05
PTPN5	1	1.2658227848101269	64793	1.9536412649670897e-05
TMOD2	1	1.2658227848101269	64766	1.9544557094928305e-05
CCDC66	1	1.2658227848101269	64676	1.957175435725967e-05
ZNF33B	1	1.2658227848101269	64385	1.966021254655784e-05
SZT2	1	1.2658227848101269	64365	1.9666321522723943e-05
CD5L	1	1.2658227848101269	67345	1.8796091540725024e-05
CENPI	1	1.2658227848101269	67938	1.8632028979512597e-05
D4S234E	1	1.2658227848101269	70918	1.784910438548925e-05
NUP133	1	1.2658227848101269	68082	1.859262044020632e-05
SMARCAL1	1	1.2658227848101269	70670	1.791174168402613e-05
NUP160	1	1.2658227848101269	70468	1.7963086575610583e-05
AGPAT9	1	1.2658227848101269	69961	1.809326317248362e-05
OTUD4	1	1.2658227848101269	69751	1.8147736732235044e-05
KIF14	1	1.2658227848101269	69254	1.8277973616110644e-05
PACSIN1	1	1.2658227848101269	69168	1.830069952593868e-05
PRR5	1	1.2658227848101269	69134	1.8309699783176532e-05
XCR1	1	1.2658227848101269	68835	1.8389232001309317e-05
CACNG4	1	1.2658227848101269	68691	1.842778216666123e-05
CACNA1H	1	1.2658227848101269	68665	1.84347598457748e-05
MDGA1	1	1.2658227848101269	68627	1.8444967502734007e-05
FGFR1	1	1.2658227848101269	68619	1.844711792375474e-05
TFCP2L1	1	1.2658227848101269	68615	1.8448193322307463e-05
MLXIP	1	1.2658227848101269	68588	1.845545554339136e-05
RNF121	1	1.2658227848101269	68579	1.845787755450104e-05
HELLS	1	1.2658227848101269	68576	1.845868503281216e-05
CCPG1	1	1.2658227848101269	68478	1.848510156269352e-05
PPP4R1	1	1.2658227848101269	68449	1.849293320297048e-05
NME9	1	1.2658227848101269	68449	1.849293320297048e-05
PDP1	1	1.2658227848101269	68261	1.8543865235055544e-05
CDS1	1	1.2658227848101269	68207	1.855854655402124e-05
WDR33	1	1.2658227848101269	110160	1.1490766020425988e-05
TET3	1	1.2658227848101269	123266	1.0269034322604178e-05
POU2F2	1	1.2658227848101269	110475	1.1458002125459394e-05
DTNB	1	1.2658227848101269	296449	4.269951272597063e-06
STAU2	1	1.2658227848101269	327339	3.867008773198814e-06
SLCO3A1	1	1.2658227848101269	318727	3.9714953073010025e-06
RAPGEF4	1	1.2658227848101269	317619	3.985349695106799e-06
CUX2	1	1.2658227848101269	316389	4.0008432177165656e-06
DNAH8	1	1.2658227848101269	315481	4.012358223823706e-06
PCNXL2	1	1.2658227848101269	312278	4.053512526691366e-06
CNTN6	1	1.2658227848101269	311559	4.062867016552648e-06
SPON1	1	1.2658227848101269	305410	4.144667118988005e-06
KMT2C	1	1.2658227848101269	301722	4.19532809940981e-06
C14orf37	1	1.2658227848101269	298404	4.241976598202861e-06
MYO9A	1	1.2658227848101269	296286	4.272300361171728e-06
HS6ST2	1	1.2658227848101269	335380	3.774294188115352e-06
CENPP	1	1.2658227848101269	294576	4.297100866364289e-06
MMP26	1	1.2658227848101269	287647	4.400611808258478e-06
BCAR3	1	1.2658227848101269	285409	4.435118671135551e-06
PREX2	1	1.2658227848101269	284986	4.4417016443268325e-06
MYCBP2	1	1.2658227848101269	284620	4.447413339927365e-06
ABCC4	1	1.2658227848101269	281640	4.494470901896486e-06
ATRX	1	1.2658227848101269	281353	4.499055580747768e-06
OTOGL	1	1.2658227848101269	281343	4.499215494290338e-06
ENOX2	1	1.2658227848101269	280909	4.506166711675761e-06
NCOA1	1	1.2658227848101269	279448	4.529725690683514e-06
NYAP2	1	1.2658227848101269	330177	3.833770325643902e-06
BTBD11	1	1.2658227848101269	341229	3.7095990809987625e-06
HTT	1	1.2658227848101269	202594	6.248076373486512e-06
MIPOL1	1	1.2658227848101269	381231	3.320356384475886e-06
KIF6	1	1.2658227848101269	395418	3.201227017510904e-06
OTUD7A	1	1.2658227848101269	395391	3.2014456191722284e-06
VAV3	1	1.2658227848101269	394019	3.212593262787141e-06
ASAP1	1	1.2658227848101269	391570	3.2326858155888517e-06
CDH8	1	1.2658227848101269	389793	3.247423080481503e-06
DSCAML1	1	1.2658227848101269	389753	3.2477563605928025e-06
KCNH8	1	1.2658227848101269	387132	3.2697446473299203e-06
MKLN1	1	1.2658227848101269	386536	3.274786267799446e-06
CFAP54	1	1.2658227848101269	385984	3.2794695759672074e-06
ATP2B2	1	1.2658227848101269	383984	3.296550858395472e-06
ADAM12	1	1.2658227848101269	376096	3.36569063433306e-06
LRRC16A	1	1.2658227848101269	341452	3.7071763668396336e-06
UNC79	1	1.2658227848101269	374657	3.3786177351821174e-06
RIMBP2	1	1.2658227848101269	372095	3.4018806616862e-06
DYNC2H1	1	1.2658227848101269	370453	3.4169591953908498e-06
BACH2	1	1.2658227848101269	370315	3.4182325447527824e-06
XYLT1	1	1.2658227848101269	369191	3.4286393352224907e-06
AKAP13	1	1.2658227848101269	368787	3.432395352358208e-06
FAM135B	1	1.2658227848101269	367238	3.4468731035735043e-06
DNER	1	1.2658227848101269	356926	3.5464572062840104e-06
CAMK2D	1	1.2658227848101269	343873	3.681076399746786e-06
PBX1	1	1.2658227848101269	343712	3.68280067268564e-06
MYO3A	1	1.2658227848101269	278303	4.548361982479982e-06
TTLL11	1	1.2658227848101269	277932	4.554433403890616e-06
KANK1	1	1.2658227848101269	275814	4.589407299158587e-06
SCMH1	1	1.2658227848101269	215104	5.884701283147346e-06
TGFBR3	1	1.2658227848101269	225992	5.601184045497746e-06
STOX2	1	1.2658227848101269	225834	5.605102795903746e-06
SERGEF	1	1.2658227848101269	224999	5.625904047618552e-06
ANKRD11	1	1.2658227848101269	222931	5.6780922563938015e-06
LYST	1	1.2658227848101269	222683	5.684415895286693e-06
CDH20	1	1.2658227848101269	222349	5.692954700988656e-06
CCDC141	1	1.2658227848101269	220380	5.743818789409776e-06
SLC25A12	1	1.2658227848101269	216454	5.847999042799516e-06
CHD6	1	1.2658227848101269	216301	5.852135611070344e-06
VGLL4	1	1.2658227848101269	215281	5.879862992136448e-06
SVEP1	1	1.2658227848101269	214632	5.897642405653055e-06
MYLK	1	1.2658227848101269	274283	4.615024572467585e-06
SEZ6L	1	1.2658227848101269	214135	5.911330631658191e-06
EPHB2	1	1.2658227848101269	210661	6.008814089034642e-06
C10orf76	1	1.2658227848101269	210594	6.010725779509989e-06
KIAA1109	1	1.2658227848101269	210425	6.015553212831777e-06
PKD1L1	1	1.2658227848101269	208264	6.077972116208882e-06
VPS13C	1	1.2658227848101269	208084	6.083229776485105e-06
PCNX	1	1.2658227848101269	207977	6.086359476336934e-06
LINGO1	1	1.2658227848101269	207873	6.0894045153056265e-06
HIVEP2	1	1.2658227848101269	205229	6.167855346028712e-06
CCDC3	1	1.2658227848101269	203027	6.2347509681477175e-06
DNAH3	1	1.2658227848101269	226330	5.592819267486089e-06
ASH1L	1	1.2658227848101269	227894	5.554436645151371e-06
KCNK2	1	1.2658227848101269	231315	5.472290101420689e-06
CROCC	1	1.2658227848101269	232691	5.439930142593081e-06
GBE1	1	1.2658227848101269	271942	4.654752795853993e-06
TEAD1	1	1.2658227848101269	270316	4.682751982162087e-06
TYW1B	1	1.2658227848101269	269456	4.697697526906532e-06
TG	1	1.2658227848101269	267945	4.724188862677514e-06
MICAL2	1	1.2658227848101269	265136	4.77423957821694e-06
BIRC6	1	1.2658227848101269	262548	4.821300428150764e-06
ADCY8	1	1.2658227848101269	260608	4.857190818432767e-06
PCSK2	1	1.2658227848101269	258471	4.8973493537384335e-06
PDGFD	1	1.2658227848101269	257190	4.9217418438124605e-06
DOCK8	1	1.2658227848101269	250405	5.055101874204296e-06
CHRNA7	1	1.2658227848101269	249580	5.071811783036007e-06
NEB	1	1.2658227848101269	249151	5.080544668936214e-06
ZMIZ1	1	1.2658227848101269	247553	5.113340516213201e-06
CPEB3	1	1.2658227848101269	244386	5.179604334168596e-06
NCOR2	1	1.2658227848101269	243197	5.204927629905495e-06
PPP2R2C	1	1.2658227848101269	243022	5.208675695246219e-06
TANGO6	1	1.2658227848101269	241651	5.23822696703149e-06
PHKB	1	1.2658227848101269	240400	5.265485793719329e-06
KDM6A	1	1.2658227848101269	239591	5.283265167765595e-06
JAK1	1	1.2658227848101269	234531	5.397251471277257e-06
DOCK7	1	1.2658227848101269	234088	5.407465503614566e-06
SPATA5	1	1.2658227848101269	396363	3.1935947220354237e-06
TNIK	1	1.2658227848101269	401994	3.148859895446515e-06
GRIK1	1	1.2658227848101269	403100	3.140220255048689e-06
GRID1	1	1.2658227848101269	767243	1.6498329535885327e-06
NELL1	1	1.2658227848101269	906135	1.3969472372330023e-06
NCKAP5	1	1.2658227848101269	896675	1.411685153271951e-06
CNTNAP5	1	1.2658227848101269	895932	1.412855869429964e-06
NAV3	1	1.2658227848101269	888369	1.4248840119478803e-06
MARCH1	1	1.2658227848101269	859752	1.472311532639792e-06
ATRNL1	1	1.2658227848101269	855634	1.4793974816453373e-06
PTPRM	1	1.2658227848101269	840079	1.5067901766502035e-06
RYR2	1	1.2658227848101269	791804	1.598656719099836e-06
TENM4	1	1.2658227848101269	788201	1.605964449182539e-06
FSTL5	1	1.2658227848101269	780107	1.6226271329575645e-06
ADGRB3	1	1.2658227848101269	755289	1.6759449492977213e-06
DACH2	1	1.2658227848101269	684153	1.8502042449717044e-06
LRBA	1	1.2658227848101269	751292	1.6848612587517591e-06
PCDH11Y	1	1.2658227848101269	741998	1.7059652247177574e-06
LPP	1	1.2658227848101269	737387	1.7166329007836136e-06
ALK	1	1.2658227848101269	728812	1.7368303277252934e-06
GRIP1	1	1.2658227848101269	721731	1.7538706038816768e-06
ULK4	1	1.2658227848101269	715531	1.7690677060953705e-06
DOCK3	1	1.2658227848101269	709271	1.7846814332041302e-06
PARD3	1	1.2658227848101269	705765	1.7935471223567712e-06
CDH4	1	1.2658227848101269	688356	1.8389071713039857e-06
ADGRL2	1	1.2658227848101269	687785	1.840433834425186e-06
RARB	1	1.2658227848101269	910045	1.3909452662342264e-06
HDAC9	1	1.2658227848101269	915467	1.3827071700128203e-06
DPYD	1	1.2658227848101269	917257	1.380008857724854e-06
TRPM3	1	1.2658227848101269	917844	1.3791262837803882e-06
DMD	1	1.2658227848101269	2241932	5.646124792411753e-07
DLG2	1	1.2658227848101269	2173323	5.824365659453871e-07
CSMD1	1	1.2658227848101269	2059619	6.145907494590633e-07
CTNNA3	1	1.2658227848101269	1851180	6.837923836742654e-07
ROBO2	1	1.2658227848101269	1743269	7.261201712473098e-07
NRXN3	1	1.2658227848101269	1697918	7.455146743306371e-07
CTNNA2	1	1.2658227848101269	1463630	8.648516256226823e-07
MAGI2	1	1.2658227848101269	1436612	8.811166722887785e-07
RBMS3	1	1.2658227848101269	1435600	8.817377993940699e-07
DPP10	1	1.2658227848101269	1403481	9.019165808515588e-07
PARK2	1	1.2658227848101269	1380351	9.170296430474036e-07
LRRC4C	1	1.2658227848101269	1345570	9.407335068484927e-07
ZFPM2	1	1.2658227848101269	1213806	1.0428542821588678e-06
DCC	1	1.2658227848101269	1195706	1.058640489225718e-06
ROBO1	1	1.2658227848101269	1170759	1.081198423253741e-06
DPP6	1	1.2658227848101269	1146152	1.1044109200264244e-06
ZFHX3	1	1.2658227848101269	1108986	1.1414235930932642e-06
CDH18	1	1.2658227848101269	1104577	1.1459796689684166e-06
SOX5	1	1.2658227848101269	1033040	1.2253376295304408e-06
ZNF385D	1	1.2658227848101269	961103	1.317052162786014e-06
CTNND2	1	1.2658227848101269	932610	1.357290598224474e-06
MTUS2	1	1.2658227848101269	685608	1.84627773423024e-06
GPHN	1	1.2658227848101269	674396	1.8769725573848696e-06
MACF1	1	1.2658227848101269	405861	3.118857896694007e-06
MSI2	1	1.2658227848101269	428838	2.9517505090736514e-06
MCC	1	1.2658227848101269	466717	2.71218486751099e-06
DGKI	1	1.2658227848101269	466055	2.716037344970286e-06
BNC2	1	1.2658227848101269	461340	2.7437958659776446e-06
HMCN1	1	1.2658227848101269	456558	2.7725344530380077e-06
MYRIP	1	1.2658227848101269	451407	2.804171811270376e-06
DOK6	1	1.2658227848101269	448199	2.824242768971208e-06
DOCK2	1	1.2658227848101269	446114	2.83744241339686e-06
XKR4	1	1.2658227848101269	440026	2.87669997866064e-06
ARID1B	1	1.2658227848101269	434759	2.9115505022555634e-06
GRIN2A	1	1.2658227848101269	429524	2.947036218721484e-06
HYDIN	1	1.2658227848101269	428638	2.953127778708669e-06
FAT3	1	1.2658227848101269	671655	1.8846324151686903e-06
TNR	1	1.2658227848101269	428422	2.9546166742373795e-06
CACNA1A	1	1.2658227848101269	426583	2.9673540314783445e-06
TIAM2	1	1.2658227848101269	425026	2.9782243552397417e-06
INADL	1	1.2658227848101269	421443	3.0035444527732733e-06
TRPC6	1	1.2658227848101269	420998	3.0067192357448883e-06
SNTG2	1	1.2658227848101269	416764	3.03726517839863e-06
NELL2	1	1.2658227848101269	413573	3.0606997671756296e-06
TBC1D22A	1	1.2658227848101269	413082	3.0643377944575813e-06
ANO4	1	1.2658227848101269	411115	3.0789992698153237e-06
GRM1	1	1.2658227848101269	409955	3.087711541047497e-06
ZNF407	1	1.2658227848101269	467801	2.7059001259298856e-06
PKHD1	1	1.2658227848101269	472314	2.680045022612344e-06
ESR1	1	1.2658227848101269	472928	2.6765655338870325e-06
TMEM132B	1	1.2658227848101269	475991	2.659341846400723e-06
BANK1	1	1.2658227848101269	663526	1.90772145298018e-06
UNC13C	1	1.2658227848101269	650506	1.945904856850093e-06
EXOC6B	1	1.2658227848101269	650057	1.9472489101880705e-06
LAMA2	1	1.2658227848101269	633428	1.998368851408726e-06
SORCS3	1	1.2658227848101269	623952	2.0287182103913868e-06
MYO16	1	1.2658227848101269	611853	2.0688348096848862e-06
LRRC7	1	1.2658227848101269	584023	2.1674194078146348e-06
SLC9A9	1	1.2658227848101269	583263	2.1702435861868943e-06
ZNF804B	1	1.2658227848101269	578828	2.186872067021856e-06
UTRN	1	1.2658227848101269	567699	2.229742847547955e-06
ANK2	1	1.2658227848101269	566189	2.2356894690821023e-06
RYR3	1	1.2658227848101269	555159	2.280108554144176e-06
GRIN2B	1	1.2658227848101269	544060	2.3266235062495438e-06
CA10	1	1.2658227848101269	529704	2.3896794904515097e-06
SBF2	1	1.2658227848101269	528101	2.396933133643236e-06
NEBL	1	1.2658227848101269	513038	2.467308045037846e-06
CCDC171	1	1.2658227848101269	508620	2.488739697239838e-06
CCDC178	1	1.2658227848101269	503699	2.513053996156686e-06
EMCN	1	1.2658227848101269	484785	2.611101384758453e-06
PIEZO2	1	1.2658227848101269	483086	2.6202845555659376e-06
ABCA13	1	1.2658227848101269	476039	2.65907369944506e-06
SV2B	1	1.2658227848101269	202615	6.24742879258755e-06
GLRA2	1	1.2658227848101269	202514	6.25054457869642e-06
KIF1A	1	1.2658227848101269	110532	1.14520933739562e-05
CEP170	1	1.2658227848101269	130920	9.668673883364852e-06
CEP192	1	1.2658227848101269	133690	9.468343068368066e-06
SPTB	1	1.2658227848101269	133624	9.47301970312314e-06
NFATC1	1	1.2658227848101269	133469	9.484020894815474e-06
TMEM2	1	1.2658227848101269	133324	9.49433548956022e-06
STK24	1	1.2658227848101269	132755	9.535029074687408e-06
ENPP6	1	1.2658227848101269	132524	9.551649397921333e-06
CCDC88A	1	1.2658227848101269	132053	9.585717740680836e-06
GALNT8	1	1.2658227848101269	131527	9.624052740578944e-06
WASF3	1	1.2658227848101269	131265	9.643261987659518e-06
LIMD1	1	1.2658227848101269	130947	9.666680296685886e-06
PCDHGA7	1	1.2658227848101269	130236	9.719453797798815e-06
NGEF	1	1.2658227848101269	134555	9.40747489732917e-06
PCDHA13	1	1.2658227848101269	130223	9.72042407877354e-06
TTC3	1	1.2658227848101269	129886	9.745644525276985e-06
ATR	1	1.2658227848101269	129726	9.757664499099076e-06
SP100	1	1.2658227848101269	129664	9.762330213552924e-06
CPM	1	1.2658227848101269	129373	9.784288721836291e-06
PHF21B	1	1.2658227848101269	128843	9.824536721514764e-06
ETS1	1	1.2658227848101269	128797	9.82804556635734e-06
CCDC132	1	1.2658227848101269	128781	9.829266621707602e-06
FAM214A	1	1.2658227848101269	128500	9.850760971285031e-06
SIK2	1	1.2658227848101269	128406	9.857972250596754e-06
CSPP1	1	1.2658227848101269	134361	9.42105808091728e-06
ARHGEF10	1	1.2658227848101269	134715	9.396301709610116e-06
FILIP1	1	1.2658227848101269	201941	6.268280264087662e-06
RREB1	1	1.2658227848101269	144383	8.767117907302983e-06
ZNF148	1	1.2658227848101269	149656	8.458216074264491e-06
CDK13	1	1.2658227848101269	149459	8.469364740899689e-06
USP24	1	1.2658227848101269	149019	8.494371756689594e-06
JADE3	1	1.2658227848101269	148966	8.497393934254303e-06
CNOT4	1	1.2658227848101269	148350	8.532678023661117e-06
RUNX1T1	1	1.2658227848101269	148314	8.534749145799631e-06
FAM135A	1	1.2658227848101269	148233	8.539412848759227e-06
MTMR3	1	1.2658227848101269	147699	8.570286764366221e-06
ABCA1	1	1.2658227848101269	147149	8.602319994088486e-06
KCNK10	1	1.2658227848101269	146804	8.622536067206116e-06
TTC39C	1	1.2658227848101269	142837	8.862009036945094e-06
INSC	1	1.2658227848101269	134784	9.391491459002008e-06
CACNA2D2	1	1.2658227848101269	141631	8.937469796938005e-06
BMP2K	1	1.2658227848101269	140023	9.040106159774656e-06
ROS1	1	1.2658227848101269	138589	9.133645417819066e-06
GBF1	1	1.2658227848101269	137528	9.204109598119122e-06
INO80	1	1.2658227848101269	137400	9.212684023363368e-06
ATF7IP	1	1.2658227848101269	137255	9.22241655903338e-06
SMC6	1	1.2658227848101269	136430	9.278185038555496e-06
ARHGAP20	1	1.2658227848101269	136147	9.297471004209616e-06
SNAP25	1	1.2658227848101269	135863	9.316905889095091e-06
ZNF831	1	1.2658227848101269	135732	9.32589798139073e-06
MTCL1	1	1.2658227848101269	127222	9.949716124649248e-06
KIAA2026	1	1.2658227848101269	126886	9.976063433397904e-06
FLI1	1	1.2658227848101269	126732	9.988185973630393e-06
PHF2P2	1	1.2658227848101269	115963	1.091574713322462e-05
NAA15	1	1.2658227848101269	118587	1.0674212053683174e-05
CUL2	1	1.2658227848101269	118502	1.0681868532262129e-05
TRIM33	1	1.2658227848101269	118413	1.0689897095843586e-05
SKIV2L2	1	1.2658227848101269	117821	1.0743609244617907e-05
MYBPC1	1	1.2658227848101269	117675	1.0756938897897826e-05
DGKD	1	1.2658227848101269	117610	1.0762883979339568e-05
PLS1	1	1.2658227848101269	117271	1.079399668127778e-05
ZIC1	1	1.2658227848101269	116871	1.0830939966374263e-05
PTPN9	1	1.2658227848101269	116064	1.0906248145937816e-05
AKR1D1	1	1.2658227848101269	115981	1.0914053032911654e-05
ABCB11	1	1.2658227848101269	115826	1.0928658373854975e-05
ANKRD26	1	1.2658227848101269	126701	9.990629788321533e-06
LPPR5	1	1.2658227848101269	114787	1.1027579645866924e-05
VGLL3	1	1.2658227848101269	114761	1.1030078030081007e-05
LTBP2	1	1.2658227848101269	114195	1.10847478857229e-05
STK4	1	1.2658227848101269	113527	1.114997123864919e-05
MBOAT1	1	1.2658227848101269	112785	1.1223325662190244e-05
DAAM2	1	1.2658227848101269	112579	1.124386239716223e-05
SLC16A2	1	1.2658227848101269	112424	1.1259364413382611e-05
ITK	1	1.2658227848101269	112252	1.1276616762375072e-05
RHOBTB3	1	1.2658227848101269	110861	1.1418107222649325e-05
VCAN	1	1.2658227848101269	110685	1.1436263132403907e-05
PTPRC	1	1.2658227848101269	119019	1.0635468158950477e-05
SYT2	1	1.2658227848101269	119858	1.056102041424124e-05
SMURF2	1	1.2658227848101269	120025	1.0546326055489496e-05
INTS4	1	1.2658227848101269	120297	1.0522480068581317e-05
MET	1	1.2658227848101269	126181	1.003180181493352e-05
CC2D2B	1	1.2658227848101269	126142	1.0034903401009391e-05
IFT88	1	1.2658227848101269	124306	1.0183118954918722e-05
FLRT2	1	1.2658227848101269	124284	1.01849215088839e-05
KIAA0368	1	1.2658227848101269	124053	1.020388692583111e-05
GOLGA4	1	1.2658227848101269	123688	1.0233998324899155e-05
ARHGAP12	1	1.2658227848101269	123478	1.025140336586377e-05
GABRP	1	1.2658227848101269	50697	2.4968396252443468e-05
CNKSR3	1	1.2658227848101269	123170	1.027703811650667e-05
MAP2K4	1	1.2658227848101269	123001	1.0291158484972696e-05
AHNAK	1	1.2658227848101269	122693	1.0316992695672342e-05
MED13	1	1.2658227848101269	122673	1.0318674727202616e-05
KAT6A	1	1.2658227848101269	122515	1.0331982082276672e-05
ZNF420	1	1.2658227848101269	122511	1.033231942282837e-05
CRYL1	1	1.2658227848101269	122207	1.0358021920267467e-05
PRMT3	1	1.2658227848101269	121780	1.0394340489490282e-05
GLTSCR1L	1	1.2658227848101269	121602	1.0409555638970794e-05
PTPRB	1	1.2658227848101269	121570	1.0412295671712812e-05
DNAJC13	1	1.2658227848101269	121530	1.0415722741793192e-05
LEF1	1	1.2658227848101269	121411	1.0425931627365945e-05
C7orf60	1	1.2658227848101269	120769	1.048135518891542e-05
ANKRD12	1	1.2658227848101269	149757	8.452511634248326e-06
KIF21A	1	1.2658227848101269	150162	8.429714473769173e-06
CALCR	1	1.2658227848101269	150244	8.425113713759795e-06
ATAD2B	1	1.2658227848101269	178459	7.093073393945536e-06
ARFGEF3	1	1.2658227848101269	182724	6.927512449432623e-06
PCDHGA1	1	1.2658227848101269	182461	6.937497793008514e-06
PIK3CB	1	1.2658227848101269	182230	6.946291965154621e-06
TTBK2	1	1.2658227848101269	182079	6.952052597005293e-06
SRRM4	1	1.2658227848101269	181510	6.97384598540095e-06
PARP8	1	1.2658227848101269	180620	7.008209416510501e-06
ADAM19	1	1.2658227848101269	180241	7.022945860321051e-06
ADAMTS16	1	1.2658227848101269	179974	7.03336473496242e-06
COL28A1	1	1.2658227848101269	179670	7.04526512389451e-06
STAB2	1	1.2658227848101269	179446	7.054059632480672e-06
MDN1	1	1.2658227848101269	177296	7.139601484580174e-06
KCNN3	1	1.2658227848101269	172826	7.324261307963654e-06
GRHL2	1	1.2658227848101269	177287	7.139963927474246e-06
HCRTR2	1	1.2658227848101269	176157	7.185764884790991e-06
MYOF	1	1.2658227848101269	175905	7.196059150167003e-06
MEGF10	1	1.2658227848101269	174941	7.235712524851959e-06
CGNL1	1	1.2658227848101269	174750	7.243621086180982e-06
PKHD1L1	1	1.2658227848101269	174746	7.243786895323078e-06
PCDHGA2	1	1.2658227848101269	174215	7.265865653417481e-06
ZNRF3	1	1.2658227848101269	173916	7.278357280584458e-06
FREM1	1	1.2658227848101269	173843	7.281413601986428e-06
SAMSN1	1	1.2658227848101269	173593	7.291899931507184e-06
KIAA1324L	1	1.2658227848101269	182793	6.924897478624054e-06
FANCB	1	1.2658227848101269	182867	6.9220952102354535e-06
COLEC12	1	1.2658227848101269	183985	6.8800325287937965e-06
DCDC2	1	1.2658227848101269	186304	6.794394027021034e-06
SATB2	1	1.2658227848101269	201761	6.273872476891602e-06
CPS1	1	1.2658227848101269	201425	6.284338015688849e-06
PPP1R3A	1	1.2658227848101269	199143	6.356350887604016e-06
CECR2	1	1.2658227848101269	198202	6.386528818125582e-06
ZBTB16	1	1.2658227848101269	197724	6.401968323572893e-06
PARN	1	1.2658227848101269	197028	6.424583230861231e-06
SYNDIG1	1	1.2658227848101269	196987	6.425920415104177e-06
RORB	1	1.2658227848101269	195842	6.463489878627295e-06
ARID5B	1	1.2658227848101269	195260	6.482755222831745e-06
FLT1	1	1.2658227848101269	194799	6.498096934841178e-06
SULF1	1	1.2658227848101269	194291	6.515087084888783e-06
TAB2	1	1.2658227848101269	192972	6.559618933369227e-06
CDK5RAP2	1	1.2658227848101269	191295	6.6171242573518735e-06
KCNB1	1	1.2658227848101269	190903	6.630711852669296e-06
C16orf45	1	1.2658227848101269	190733	6.636621794918166e-06
CSNK1G1	1	1.2658227848101269	190648	6.639580718445127e-06
DOCK11	1	1.2658227848101269	190348	6.650045100605872e-06
NIPBL	1	1.2658227848101269	189644	6.67473152227398e-06
NOTCH2	1	1.2658227848101269	189226	6.689475995952599e-06
ADAMTS18	1	1.2658227848101269	187221	6.761115392024008e-06
PRKDC	1	1.2658227848101269	187067	6.7666813751764165e-06
DNAH10	1	1.2658227848101269	173532	7.29446318148887e-06
ITGA1	1	1.2658227848101269	171293	7.389810353079965e-06
RNF144A	1	1.2658227848101269	150874	8.38993322116552e-06
ERBB2IP	1	1.2658227848101269	156074	8.110401378898e-06
PLEKHA6	1	1.2658227848101269	158812	7.970573916392507e-06
PDE8A	1	1.2658227848101269	158705	7.975947732019323e-06
KIAA1211	1	1.2658227848101269	158430	7.989792241432346e-06
C20orf194	1	1.2658227848101269	158320	7.995343511938647e-06
SLC23A2	1	1.2658227848101269	157937	8.014732360435659e-06
RFX7	1	1.2658227848101269	157802	8.021588983727243e-06
ATF7IP2	1	1.2658227848101269	157204	8.052102903298431e-06
USP15	1	1.2658227848101269	157093	8.057792421114414e-06
TLK2	1	1.2658227848101269	156823	8.071665411388167e-06
ZEB2	1	1.2658227848101269	156693	8.078362050698669e-06
DDR2	1	1.2658227848101269	156032	8.112584500680159e-06
PCDHA8	1	1.2658227848101269	171160	7.39555261048216e-06
MTOR	1	1.2658227848101269	156021	8.113156464899768e-06
ARPP21	1	1.2658227848101269	155551	8.137670505558477e-06
ANKIB1	1	1.2658227848101269	155409	8.14510604154281e-06
FNIP1	1	1.2658227848101269	155303	8.150665375492595e-06
PPP6R3	1	1.2658227848101269	154603	8.187569353829658e-06
ELOVL6	1	1.2658227848101269	153353	8.25430728326232e-06
TJP2	1	1.2658227848101269	153351	8.25441493573649e-06
PCDHGB2	1	1.2658227848101269	152981	8.274379071977086e-06
SNCAIP	1	1.2658227848101269	152865	8.28065799764581e-06
KDM2B	1	1.2658227848101269	151927	8.331782927393593e-06
LRRK1	1	1.2658227848101269	158930	7.964656042346482e-06
MME	1	1.2658227848101269	159580	7.932214468041902e-06
PLA2G4A	1	1.2658227848101269	160032	7.909810442974697e-06
CEP350	1	1.2658227848101269	160206	7.9012195848478e-06
ADGRA3	1	1.2658227848101269	170995	7.402688878681404e-06
OBSCN	1	1.2658227848101269	170832	7.409752182320211e-06
ARFGEF1	1	1.2658227848101269	170270	7.434209107946946e-06
KSR1	1	1.2658227848101269	169990	7.44645440796592e-06
AKAP9	1	1.2658227848101269	169833	7.453338189928497e-06
TPO	1	1.2658227848101269	169645	7.461597953432914e-06
C4orf19	1	1.2658227848101269	169570	7.46489818252124e-06
PCDHGA3	1	1.2658227848101269	169146	7.483610518783339e-06
ZBBX	1	1.2658227848101269	168031	7.533269365832058e-06
VWC2L	1	1.2658227848101269	167922	7.538159293065391e-06
SNX25	1	1.2658227848101269	165948	7.627827902777536e-06
ACER3	1	1.2658227848101269	165938	7.628287582170007e-06
CRTAC1	1	1.2658227848101269	165828	7.633347714560429e-06
EPS15	1	1.2658227848101269	165065	7.668632264926706e-06
KIFAP3	1	1.2658227848101269	163882	7.723989119062047e-06
GIGYF2	1	1.2658227848101269	163306	7.751232562245887e-06
EML4	1	1.2658227848101269	163195	7.756504701799238e-06
PPP1R12A	1	1.2658227848101269	161897	7.818692037592584e-06
ABCB5	1	1.2658227848101269	161371	7.84417760818317e-06
ADD2	1	1.2658227848101269	160607	7.881491994807988e-06
TTC7A	1	1.2658227848101269	160268	7.898162982068327e-06
ITGAL	1	1.2658227848101269	50909	2.4864420530949864e-05
RPS6KA1	1	1.2658227848101269	45269	2.7962243142329778e-05
GRHL1	1	1.2658227848101269	50584	2.502417335145751e-05
MTERF2	1	1.2658227848101269	9883	0.0001280808241232
SLITRK3	1	1.2658227848101269	10389	0.0001218426012908
GPKOW	1	1.2658227848101269	10328	0.000122562237104
GZMK	1	1.2658227848101269	10314	0.0001227286004275
SSX3	1	1.2658227848101269	10280	0.000123134512141
RUNDC3A	1	1.2658227848101269	10257	0.000123410625408
PPT2	1	1.2658227848101269	10237	0.0001236517324225
AEBP1	1	1.2658227848101269	10217	0.0001238937833816
MS4A2	1	1.2658227848101269	10206	0.000124027315776
WDR46	1	1.2658227848101269	10139	0.0001248469064809
NDST2	1	1.2658227848101269	9887	0.0001280290062516
RFXAP	1	1.2658227848101269	9882	0.0001280937851457
ERMN	1	1.2658227848101269	9082	0.000139377095883
PSMD2	1	1.2658227848101269	9852	0.0001284838393026
OR7D2	1	1.2658227848101269	9839	0.0001286536014645
NAT16	1	1.2658227848101269	9797	0.0001292051428815
ZNF646	1	1.2658227848101269	9774	0.0001295091860865
IL11RA	1	1.2658227848101269	9740	0.000129961271541
IGFBP3	1	1.2658227848101269	9629	0.0001314594230771
WDR77	1	1.2658227848101269	9366	0.0001351508418545
CABP4	1	1.2658227848101269	9346	0.0001354400582934
PCSK4	1	1.2658227848101269	9324	0.0001357596294305
METTL21C	1	1.2658227848101269	9297	0.0001361538974733
NEURL3	1	1.2658227848101269	10463	0.0001209808644566
CDH24	1	1.2658227848101269	10476	0.0001208307354725
PIDD1	1	1.2658227848101269	10574	0.0001197108742963
PDE12	1	1.2658227848101269	10574	0.0001197108742963
C10orf99	1	1.2658227848101269	11556	0.0001095381433722
CNN1	1	1.2658227848101269	11556	0.0001095381433722
NR2F1	1	1.2658227848101269	11389	0.0001111443309166
PIAS3	1	1.2658227848101269	11314	0.0001118811017155
FAHD2B	1	1.2658227848101269	11299	0.0001120296295964
KRT78	1	1.2658227848101269	11288	0.0001121388009222
NPTX1	1	1.2658227848101269	11009	0.0001149807234817
EXOSC5	1	1.2658227848101269	10991	0.0001151690278236
SOD3	1	1.2658227848101269	10930	0.0001158117826907
LIG4	1	1.2658227848101269	10929	0.0001158223794317
E2F1	1	1.2658227848101269	10908	0.0001160453598102
PRAMEF20	1	1.2658227848101269	10878	0.0001163653966547
MIS18A	1	1.2658227848101269	10821	0.0001169783554948
ENTHD2	1	1.2658227848101269	10814	0.0001170540766423
ZNF17	1	1.2658227848101269	10773	0.0001174995623141
GPR37L1	1	1.2658227848101269	10706	0.000118234894901
C19orf54	1	1.2658227848101269	10697	0.0001183343727035
SKIV2L	1	1.2658227848101269	10675	0.0001185782468206
MAP2K7	1	1.2658227848101269	10635	0.0001190242392863
ING1	1	1.2658227848101269	10603	0.0001193834560794
DDX39A	1	1.2658227848101269	10585	0.0001195864699867
ILF2	1	1.2658227848101269	9240	0.0001369938078798
BMP4	1	1.2658227848101269	9025	0.0001402573722781
NARFL	1	1.2658227848101269	11576	0.0001093488929518
B3GALT2	1	1.2658227848101269	7883	0.0001605762761398
KCNA1	1	1.2658227848101269	8351	0.0001515773901101
TMEM106A	1	1.2658227848101269	8206	0.0001542557622239
ACY3	1	1.2658227848101269	8175	0.000154840707622
MSLN	1	1.2658227848101269	8131	0.0001556786108486
HSD3B2	1	1.2658227848101269	8104	0.0001561972834168
POMC	1	1.2658227848101269	8050	0.000157245066436
VGLL2	1	1.2658227848101269	8007	0.0001580895197714
OR2T7	1	1.2658227848101269	7957	0.0001590829187897
RDH16	1	1.2658227848101269	7943	0.0001593633116971
HNRNPDL	1	1.2658227848101269	7897	0.0001602916024832
ZNF628	1	1.2658227848101269	7870	0.0001608415228475
C9orf117	1	1.2658227848101269	9013	0.0001404441123721
SLC5A2	1	1.2658227848101269	7858	0.0001610871449236
FASLG	1	1.2658227848101269	7773	0.0001628486793786
DMRT2	1	1.2658227848101269	7694	0.0001645207674564
SIGLEC8	1	1.2658227848101269	7609	0.0001663586259442
KRT4	1	1.2658227848101269	7567	0.0001672819855702
CXCR6	1	1.2658227848101269	7418	0.0001706420578067
RIC8A	1	1.2658227848101269	7405	0.0001709416319797
TAGLN2	1	1.2658227848101269	7400	0.0001710571330824
GAGE13	1	1.2658227848101269	7367	0.000171823372446
OR3A1	1	1.2658227848101269	7343	0.0001723849632044
GAL3ST3	1	1.2658227848101269	8396	0.0001507649815162
LMOD2	1	1.2658227848101269	8424	0.000150263863344
AVPR1A	1	1.2658227848101269	8442	0.0001499434713113
TMEM119	1	1.2658227848101269	8469	0.000149465436865
OR2B11	1	1.2658227848101269	8987	0.0001408504267063
SLC35C1	1	1.2658227848101269	8944	0.0001415275922193
OR7A5	1	1.2658227848101269	8944	0.0001415275922193
UTP14C	1	1.2658227848101269	8909	0.000142083599148
C14orf178	1	1.2658227848101269	8908	0.0001420995492602
FGG	1	1.2658227848101269	8833	0.0001433061003973
SNAI3	1	1.2658227848101269	8819	0.0001435335961911
LILRA1	1	1.2658227848101269	8799	0.0001438598459836
OR4K2	1	1.2658227848101269	8790	0.0001440071427542
OR9I1	1	1.2658227848101269	8788	0.0001440399163416
ZNF629	1	1.2658227848101269	8749	0.0001446819962064
SSTR5	1	1.2658227848101269	8707	0.0001453798994843
EFNA3	1	1.2658227848101269	8701	0.0001454801499609
ZFP57	1	1.2658227848101269	8672	0.0001459666495399
TFPT	1	1.2658227848101269	8637	0.0001465581550086
ALKBH4	1	1.2658227848101269	8625	0.0001467620620069
TAP1	1	1.2658227848101269	8607	0.0001470689885918
CCNG1	1	1.2658227848101269	8582	0.0001474974114204
NR1I3	1	1.2658227848101269	8578	0.0001475661908148
OR2AG1	1	1.2658227848101269	8538	0.0001482575292586
TRIM51	1	1.2658227848101269	8513	0.0001486929149312
CEACAM16	1	1.2658227848101269	11567	0.0001094339746529
CD40	1	1.2658227848101269	11592	0.0001091979628028
PDP2	1	1.2658227848101269	17165	7.374440925197358e-05
MLEC	1	1.2658227848101269	14710	8.605185484773124e-05
STAC2	1	1.2658227848101269	15404	8.217494058751795e-05
PLRG1	1	1.2658227848101269	15395	8.222298050082017e-05
MYLK2	1	1.2658227848101269	15381	8.229782100059337e-05
PEX6	1	1.2658227848101269	15316	8.264708702077088e-05
CCDC42	1	1.2658227848101269	15284	8.282012462772354e-05
LOX	1	1.2658227848101269	15218	8.317931297214657e-05
ZNF599	1	1.2658227848101269	15156	8.3519582001196e-05
SEMA6C	1	1.2658227848101269	14946	8.469308074468932e-05
ROBO4	1	1.2658227848101269	14809	8.547658753529115e-05
KDELC1	1	1.2658227848101269	14726	8.595835833288922e-05
PROKR1	1	1.2658227848101269	14672	8.627472633656806e-05
NXF1	1	1.2658227848101269	14179	8.9274475266953e-05
MMP25	1	1.2658227848101269	14664	8.632179383593334e-05
ZNF219	1	1.2658227848101269	14645	8.643378523797382e-05
FLRT3	1	1.2658227848101269	14629	8.65283194210217e-05
LRRC15	1	1.2658227848101269	14494	8.733426140541786e-05
ABHD14A-ACY1	1	1.2658227848101269	14477	8.743681597085906e-05
APOL1	1	1.2658227848101269	14459	8.754566600803143e-05
SNX33	1	1.2658227848101269	14389	8.797156055390413e-05
DDRGK1	1	1.2658227848101269	14335	8.830294976003673e-05
THEG	1	1.2658227848101269	14279	8.864926008895066e-05
NOA1	1	1.2658227848101269	14256	8.87922828851099e-05
HSCB	1	1.2658227848101269	15476	8.179263277398079e-05
METRNL	1	1.2658227848101269	15513	8.159754946239454e-05
PDYN	1	1.2658227848101269	15528	8.15187264818474e-05
SSR3	1	1.2658227848101269	15596	8.116329730765111e-05
IFFO1	1	1.2658227848101269	17112	7.397281351157823e-05
CLCNKB	1	1.2658227848101269	17059	7.420263701331419e-05
LSM11	1	1.2658227848101269	16997	7.447330616050636e-05
ACTN3	1	1.2658227848101269	16939	7.472830655942656e-05
C17orf80	1	1.2658227848101269	16726	7.567994647914185e-05
ARHGAP9	1	1.2658227848101269	16550	7.648476041148802e-05
MYBBP1A	1	1.2658227848101269	16489	7.676771088665939e-05
TDRD6	1	1.2658227848101269	16444	7.697779036792305e-05
SCAF1	1	1.2658227848101269	16433	7.7029318128773e-05
LRRTM1	1	1.2658227848101269	16401	7.717961007317399e-05
SALL1	1	1.2658227848101269	16352	7.741088458966038e-05
NAA20	1	1.2658227848101269	16345	7.744403700276088e-05
ALAS1	1	1.2658227848101269	16241	7.793995350102374e-05
MMP11	1	1.2658227848101269	16090	7.867139744003273e-05
RP11-407P15.2	1	1.2658227848101269	16051	7.886254967354848e-05
HDAC3	1	1.2658227848101269	15973	7.92476544675469e-05
TOR3A	1	1.2658227848101269	15953	7.93470058804066e-05
TYMS	1	1.2658227848101269	15925	7.9486517099537e-05
CCHCR1	1	1.2658227848101269	15799	8.012043704095997e-05
FCRL6	1	1.2658227848101269	15746	8.039011716055675e-05
OR2M3	1	1.2658227848101269	15660	8.083159545403108e-05
SGSH	1	1.2658227848101269	14207	8.909852782502476e-05
ACP1	1	1.2658227848101269	14143	8.950171709044237e-05
AHSA1	1	1.2658227848101269	11602	0.0001091038428555
TBXA2R	1	1.2658227848101269	12368	0.0001023466029115
GALT	1	1.2658227848101269	12902	9.8110586328486e-05
CACYBP	1	1.2658227848101269	12864	9.840040304805087e-05
SIPA1	1	1.2658227848101269	12817	9.876123779434552e-05
SMCR8	1	1.2658227848101269	12763	9.917909463371672e-05
MAGEA4	1	1.2658227848101269	12676	9.98597968452293e-05
CAMK1	1	1.2658227848101269	12645	0.0001001046093167
SNRPB2	1	1.2658227848101269	12603	0.0001004382119186
CCDC105	1	1.2658227848101269	12550	0.0001008623732916
INSIG1	1	1.2658227848101269	12459	0.0001015990677269
EPX	1	1.2658227848101269	12448	0.0001016888483941
MMP12	1	1.2658227848101269	12246	0.0001033662244659
DVL1	1	1.2658227848101269	14142	8.9508045878244e-05
DDX39B	1	1.2658227848101269	12229	0.0001035099178027
TMC8	1	1.2658227848101269	12198	0.0001037729779316
TPPP2	1	1.2658227848101269	12167	0.0001040373785493
KCNV1	1	1.2658227848101269	12135	0.0001043117251594
FES	1	1.2658227848101269	12081	0.0001047779806978
CLEC4F	1	1.2658227848101269	11956	0.0001058734346612
ZNF491	1	1.2658227848101269	11955	0.0001058822906574
NTN5	1	1.2658227848101269	11674	0.0001084309392504
SERPINA3	1	1.2658227848101269	11671	0.0001084588111395
SSTR2	1	1.2658227848101269	11623	0.0001089067181287
KRT79	1	1.2658227848101269	12903	9.810298262498076e-05
RASAL3	1	1.2658227848101269	12920	9.797389975310577e-05
TAF6	1	1.2658227848101269	12965	9.76338437956133e-05
MMACHC	1	1.2658227848101269	13082	9.6760647057799e-05
THEMIS2	1	1.2658227848101269	14142	8.9508045878244e-05
DMP1	1	1.2658227848101269	14081	8.989580177616126e-05
ITIH3	1	1.2658227848101269	14031	9.021614887108022e-05
ZNF460	1	1.2658227848101269	14018	9.029981344058544e-05
TMEM200C	1	1.2658227848101269	13883	9.117789993590192e-05
ANAPC2	1	1.2658227848101269	13776	9.18860906511416e-05
SNRPA1	1	1.2658227848101269	13772	9.191277844976232e-05
GOLGA8T	1	1.2658227848101269	13697	9.241606080237472e-05
ATG12	1	1.2658227848101269	13637	9.282267249469288e-05
ZNF816	1	1.2658227848101269	13532	9.35429193622618e-05
LRRN4	1	1.2658227848101269	13514	9.366751404544374e-05
EEF2KMT	1	1.2658227848101269	13511	9.368831210200032e-05
PSMD6	1	1.2658227848101269	13460	9.404329753418472e-05
PSG1	1	1.2658227848101269	13358	9.476140027025952e-05
YKT6	1	1.2658227848101269	13335	9.492484325535258e-05
OR2T12	1	1.2658227848101269	13285	9.528210649681042e-05
OR2M4	1	1.2658227848101269	13262	9.544735219500276e-05
ZNF24	1	1.2658227848101269	13255	9.549775819012648e-05
DPEP2	1	1.2658227848101269	13192	9.595381934582524e-05
SNX15	1	1.2658227848101269	13133	9.638489186097058e-05
ZNF735	1	1.2658227848101269	13087	9.672367882709e-05
KRT25	1	1.2658227848101269	7310	0.0001731631716566
KCNA4	1	1.2658227848101269	7300	0.0001734003814808
ITM2A	1	1.2658227848101269	7283	0.0001738051331608
ZBED2	1	1.2658227848101269	2446	0.0005175072709771
CMA1	1	1.2658227848101269	2912	0.000434691890388
ACTBL2	1	1.2658227848101269	2793	0.0004532125974973
DCAF12L2	1	1.2658227848101269	2790	0.000453699922871
PCDHB8	1	1.2658227848101269	2749	0.0004604666368898
TKTL2	1	1.2658227848101269	2659	0.0004760521943625
UBQLN3	1	1.2658227848101269	2658	0.0004762312960158
APRT	1	1.2658227848101269	2598	0.0004872297093187
GJB4	1	1.2658227848101269	2587	0.0004893014243564
DDI1	1	1.2658227848101269	2556	0.0004952358313028
RAC3	1	1.2658227848101269	2526	0.0005011174920071
CRYGFP	1	1.2658227848101269	2446	0.0005175072709771
IQCF2	1	1.2658227848101269	1809	0.0006997361994528
NEU2	1	1.2658227848101269	2385	0.000530743306
RPL10A	1	1.2658227848101269	2384	0.0005309659332257
DRD5	1	1.2658227848101269	2375	0.0005329780146568
H2AFZ	1	1.2658227848101269	2302	0.0005498795763727
KIF2B	1	1.2658227848101269	2266	0.0005586155272771
TMEM102	1	1.2658227848101269	2244	0.0005640921500936
TCEAL8	1	1.2658227848101269	2197	0.0005761596653664
MED11	1	1.2658227848101269	2180	0.0005806526535826
CLDN23	1	1.2658227848101269	2159	0.0005863005024595
HNRNPCL3	1	1.2658227848101269	2109	0.0006002004669559
U2AF1L4	1	1.2658227848101269	2981	0.000424630253207
PRAMEF17	1	1.2658227848101269	2997	0.0004223632915616
TCEB3B	1	1.2658227848101269	3049	0.000415159981899
HMGB2	1	1.2658227848101269	3056	0.0004142090264431
FBXL6	1	1.2658227848101269	3945	0.0003208676260608
SSTR4	1	1.2658227848101269	3925	0.0003225026203337
PPP1R15A	1	1.2658227848101269	3847	0.0003290415349129
POU3F4	1	1.2658227848101269	3837	0.0003298990838702
OR10G8	1	1.2658227848101269	3836	0.0003299850846741
CCDC71	1	1.2658227848101269	3796	0.0003334622720785
MFAP4	1	1.2658227848101269	3748	0.0003377328668116
ACTA1	1	1.2658227848101269	3739	0.0003385458103263
CD3D	1	1.2658227848101269	3630	0.0003487115109669
APOE	1	1.2658227848101269	3602	0.0003514222056663
HDHD3	1	1.2658227848101269	3567	0.0003548704190664
PRAMEF19	1	1.2658227848101269	3516	0.0003600178568857
JTB	1	1.2658227848101269	3405	0.0003717541218238
DPH2	1	1.2658227848101269	3369	0.0003757265612377
PCDHB10	1	1.2658227848101269	3294	0.0003842813554371
ELOVL3	1	1.2658227848101269	3290	0.0003847485668115
MOSPD3	1	1.2658227848101269	3282	0.0003856864060969
NEUROD6	1	1.2658227848101269	3261	0.0003881701272033
SMPD2	1	1.2658227848101269	3195	0.0003961886650422
ISLR	1	1.2658227848101269	3162	0.0004003234613567
FSCB	1	1.2658227848101269	3134	0.0004039000589694
CCT8L2	1	1.2658227848101269	2059	0.0006147755147207
NEUROG3	1	1.2658227848101269	1724	0.0007342359540661
OR10Z1	1	1.2658227848101269	7246	0.0001746926283204
OR4C16	1	1.2658227848101269	932	0.0013581789536589
OR6K2	1	1.2658227848101269	974	0.0012996127154108
OR5P2	1	1.2658227848101269	968	0.0013076681661261
OR1J1	1	1.2658227848101269	968	0.0013076681661261
KRTAP9-4	1	1.2658227848101269	966	0.0013103755536336
OR5C1	1	1.2658227848101269	962	0.0013158241006342
FTMT	1	1.2658227848101269	951	0.0013310439377603
OR5D14	1	1.2658227848101269	944	0.0013409139669598
OR13D1	1	1.2658227848101269	944	0.0013409139669598
OR4L1	1	1.2658227848101269	938	0.0013494912418018
OR52J3	1	1.2658227848101269	935	0.0013538211602247
OR5W2	1	1.2658227848101269	932	0.0013581789536589
TCEB3CL2	1	1.2658227848101269	1640	0.0007718431614695
RPL10L	1	1.2658227848101269	771	0.0016417934952141
HSPB3	1	1.2658227848101269	678	0.001866995257832
HIST1H2BG	1	1.2658227848101269	626	0.0020220811258947
IGKV3-20	1	1.2658227848101269	586	0.0021601071413142
TRAV18	1	1.2658227848101269	567	0.0022324916839684
IGLV3-22	1	1.2658227848101269	557	0.0022725723246142
IGKV1-9	1	1.2658227848101269	533	0.002374902035291
IGLV1-47	1	1.2658227848101269	521	0.0024296022741077
TRBV6-1	1	1.2658227848101269	489	0.0025885946519634
RP11-294C11.2	1	1.2658227848101269	435	0.0029099374363451
OR52E2	1	1.2658227848101269	977	0.0012956220929479
OR4A16	1	1.2658227848101269	986	0.0012837959277993
TAS2R43	1	1.2658227848101269	1026	0.0012337454042983
OR10H2	1	1.2658227848101269	1028	0.0012313451214106
GH1	1	1.2658227848101269	1639	0.0007723140846919
FAM167B	1	1.2658227848101269	1634	0.000774677346885
CLDN9	1	1.2658227848101269	1582	0.0008001408247851
ACTL10	1	1.2658227848101269	1582	0.0008001408247851
C12orf71	1	1.2658227848101269	1521	0.0008322306277515
TEX13B	1	1.2658227848101269	1506	0.0008405197774303
OR10W1	1	1.2658227848101269	1468	0.0008622771013692
ZNRF4	1	1.2658227848101269	1439	0.0008796544717235
OR11H2	1	1.2658227848101269	1428	0.0008864305215757
MSGN1	1	1.2658227848101269	1338	0.0009460558929821
SPANXN5	1	1.2658227848101269	1283	0.000986611679509
GPR32	1	1.2658227848101269	1268	0.0009982829533202
RNF113A	1	1.2658227848101269	1258	0.0010062184298967
RNF186	1	1.2658227848101269	1254	0.0010094280580623
TAAR5	1	1.2658227848101269	1149	0.0011016734419583
OR13C3	1	1.2658227848101269	1107	0.0011434713503253
OR51Q1	1	1.2658227848101269	1095	0.0011560025432055
OR52L1	1	1.2658227848101269	1093	0.0011581178269077
OR52D1	1	1.2658227848101269	1064	0.0011896830684305
OR4C12	1	1.2658227848101269	1062	0.0011919235261865
S100A8	1	1.2658227848101269	1041	0.0012159680929972
PCDHB15	1	1.2658227848101269	3970	0.0003188470490705
OR8H2	1	1.2658227848101269	3971	0.0003187667551775
RTP1	1	1.2658227848101269	3976	0.0003183658915518
IZUMO1	1	1.2658227848101269	6057	0.0002089851056315
SPATA31D1	1	1.2658227848101269	6481	0.0001953128814704
SRSF1	1	1.2658227848101269	6427	0.0001969539108153
HMG20B	1	1.2658227848101269	6311	0.0002005740429108
SPATA31A7	1	1.2658227848101269	6244	0.0002027262627818
CNPPD1	1	1.2658227848101269	6209	0.0002038690263826
EIF4A1	1	1.2658227848101269	6182	0.0002047594281478
TMEM167B	1	1.2658227848101269	6170	0.0002051576636645
KLK12	1	1.2658227848101269	6138	0.0002062272376686
AOC2	1	1.2658227848101269	6127	0.0002065974840558
RIMBP3	1	1.2658227848101269	6104	0.000207375947708
TMEM199	1	1.2658227848101269	6041	0.0002095386169194
SOWAHB	1	1.2658227848101269	3992	0.0003170898759544
MRGPRX1	1	1.2658227848101269	5915	0.0002140021614218
CALR	1	1.2658227848101269	5911	0.0002141469776366
EDN2	1	1.2658227848101269	5908	0.0002142557184851
TCEB2	1	1.2658227848101269	5883	0.0002151662051351
PCED1A	1	1.2658227848101269	5876	0.0002154225297498
KLK3	1	1.2658227848101269	5849	0.0002164169575671
PRSS50	1	1.2658227848101269	5752	0.0002200665481241
TTC30A	1	1.2658227848101269	5743	0.0002204114199564
KCNRG	1	1.2658227848101269	5668	0.0002233279436856
OR5M1	1	1.2658227848101269	5638	0.0002245162796754
FOXA1	1	1.2658227848101269	6507	0.0001945324703872
ANGPTL7	1	1.2658227848101269	6626	0.0001910387541216
FAM83C	1	1.2658227848101269	6694	0.0001890981154481
IL24	1	1.2658227848101269	6696	0.0001890416345295
BCL6B	1	1.2658227848101269	7240	0.0001748374012168
CA9	1	1.2658227848101269	7231	0.0001750550110372
PIH1D1	1	1.2658227848101269	7199	0.0001758331413821
FOSB	1	1.2658227848101269	7184	0.000176200276282
LRRC14	1	1.2658227848101269	7180	0.0001762984379958
ZNF648	1	1.2658227848101269	7142	0.0001772364582484
GMPPB	1	1.2658227848101269	7129	0.0001775596556052
ANKRD53	1	1.2658227848101269	7119	0.0001778090721744
GSTM3	1	1.2658227848101269	7106	0.0001781343631874
AP5B1	1	1.2658227848101269	7078	0.0001788390484331
BCDIN3D	1	1.2658227848101269	7063	0.0001792188566912
PRAMEF15	1	1.2658227848101269	7017	0.0001803937273493
RPS6KB2	1	1.2658227848101269	6941	0.0001823689360049
TMEM198	1	1.2658227848101269	6932	0.0001826057104457
HNRNPA1	1	1.2658227848101269	6895	0.0001835856105598
ZNF256	1	1.2658227848101269	6873	0.0001841732554648
PTX3	1	1.2658227848101269	6783	0.0001866169519106
RASL10A	1	1.2658227848101269	6746	0.0001876404958212
IL36RN	1	1.2658227848101269	6744	0.0001876961424688
S100A7A	1	1.2658227848101269	6702	0.0001888723940331
SERPINB3	1	1.2658227848101269	6696	0.0001890416345295
CD207	1	1.2658227848101269	5605	0.0002258381418037
IGHG4	1	1.2658227848101269	5560	0.000227665968491
MST1	1	1.2658227848101269	5554	0.0002279119166024
IGHA1	1	1.2658227848101269	4670	0.0002710541295096
CCDC116	1	1.2658227848101269	4613	0.0002744033784543
DLX5	1	1.2658227848101269	4554	0.0002779584507707
FAM122A	1	1.2658227848101269	4553	0.0002780195002877
HOXC11	1	1.2658227848101269	4517	0.0002802352855457
HFE2	1	1.2658227848101269	4450	0.0002844545583842
MPEG1	1	1.2658227848101269	4417	0.0002865797565791
PNRC1	1	1.2658227848101269	4409	0.0002870997470651
OR6K3	1	1.2658227848101269	4393	0.0002881454096995
UBE2C	1	1.2658227848101269	4381	0.0002889346689819
GPBAR1	1	1.2658227848101269	4365	0.000289993765134
MOGS	1	1.2658227848101269	4353	0.0002907931966023
PAPOLB	1	1.2658227848101269	4292	0.0002949260915214
THTPA	1	1.2658227848101269	4283	0.0002955458288139
CCDC70	1	1.2658227848101269	4263	0.0002969323914637
SPAG8	1	1.2658227848101269	4227	0.0002994612691767
RING1	1	1.2658227848101269	4222	0.0002998159130293
IRF2BPL	1	1.2658227848101269	4165	0.0003039190359688
ALPP	1	1.2658227848101269	4165	0.0003039190359688
CD79A	1	1.2658227848101269	4093	0.0003092652784779
UBQLNL	1	1.2658227848101269	4038	0.0003134776584472
KRT37	1	1.2658227848101269	4038	0.0003134776584472
TRAC	1	1.2658227848101269	4650	0.0002722199537226
MRPS2	1	1.2658227848101269	4689	0.0002699558082341
RPL7	1	1.2658227848101269	5547	0.0002281995285397
C1orf53	1	1.2658227848101269	4737	0.0002672203472261
KRT6B	1	1.2658227848101269	5495	0.0002303590145241
TSTA3	1	1.2658227848101269	5430	0.0002331165349558
DHRS13	1	1.2658227848101269	5298	0.0002389246479445
GPRASP2	1	1.2658227848101269	5288	0.0002393764721653
OR4C11	1	1.2658227848101269	5285	0.0002395123528495
SLITRK1	1	1.2658227848101269	5269	0.0002402396630878
OR10J1	1	1.2658227848101269	5233	0.0002418923724078
DLX3	1	1.2658227848101269	5219	0.0002425412502031
ITPRIPL1	1	1.2658227848101269	5200	0.0002434274586173
PAEP	1	1.2658227848101269	5199	0.0002434742805943
OR4P4	1	1.2658227848101269	5196	0.0002436148546593
FAM109B	1	1.2658227848101269	5190	0.0002438964903295
SSTR1	1	1.2658227848101269	5163	0.000245171951348
MTX1	1	1.2658227848101269	5129	0.0002467971894736
KLK4	1	1.2658227848101269	5044	0.0002509561429044
OR9Q2	1	1.2658227848101269	4983	0.0002540282530223
TCHHL1	1	1.2658227848101269	4923	0.0002571242707312
OR2J2	1	1.2658227848101269	4904	0.0002581204699857
GPR50	1	1.2658227848101269	4881	0.0002593367721389
CCDC28B	1	1.2658227848101269	4858	0.0002605645913565
PRAMEF2	1	1.2658227848101269	4823	0.000262455480989
PIGQ	1	1.2658227848101269	17114	7.396416879806747e-05
GATC	1	1.2658227848101269	17305	7.314780611442511e-05
URGCP	1	1.2658227848101269	50517	2.5057362567257092e-05
POTEB3	1	1.2658227848101269	35098	3.6065382210101054e-05
BTBD3	1	1.2658227848101269	35886	3.52734432594919e-05
PI4K2A	1	1.2658227848101269	35763	3.539475952269459e-05
PHRF1	1	1.2658227848101269	35752	3.540564960869676e-05
UBN1	1	1.2658227848101269	35736	3.542150170164894e-05
RASSF9	1	1.2658227848101269	35706	3.545126266762243e-05
RINT1	1	1.2658227848101269	35508	3.564894628844561e-05
CWF19L1	1	1.2658227848101269	35382	3.5775896919623725e-05
TLN1	1	1.2658227848101269	35247	3.59129226546976e-05
BPHL	1	1.2658227848101269	35204	3.59567885697684e-05
PITRM1	1	1.2658227848101269	35113	3.604997535984184e-05
MFN2	1	1.2658227848101269	35030	3.613539208707184e-05
LONRF1	1	1.2658227848101269	34167	3.70481103055617e-05
KLHL26	1	1.2658227848101269	34696	3.648324835168684e-05
CACNG7	1	1.2658227848101269	34672	3.650850209996904e-05
CFHR5	1	1.2658227848101269	34668	3.651271445742837e-05
EPN1	1	1.2658227848101269	34632	3.655066946206187e-05
PIP4K2B	1	1.2658227848101269	34435	3.6759773045161214e-05
FZD6	1	1.2658227848101269	34433	3.67619081930162e-05
TTLL2	1	1.2658227848101269	34432	3.676297585995953e-05
SCN4A	1	1.2658227848101269	34364	3.68357229894694e-05
MPP2	1	1.2658227848101269	34354	3.684644538656711e-05
QRICH2	1	1.2658227848101269	34227	3.698316489350883e-05
PI4KB	1	1.2658227848101269	35918	3.5242017506824616e-05
PTCD3	1	1.2658227848101269	35934	3.522632561947255e-05
SP1	1	1.2658227848101269	36270	3.489999406700101e-05
PGM2	1	1.2658227848101269	36277	3.4893259773689294e-05
THBS2	1	1.2658227848101269	38270	3.307611144003466e-05
ISLR2	1	1.2658227848101269	38229	3.3111585048265105e-05
MXRA5	1	1.2658227848101269	38087	3.3235035177622984e-05
SULT4A1	1	1.2658227848101269	38004	3.330761985080851e-05
TSNAX	1	1.2658227848101269	37983	3.33260349316833e-05
SLC26A3	1	1.2658227848101269	37758	3.35246248426857e-05
TECPR1	1	1.2658227848101269	37608	3.3658338247450714e-05
NDNF	1	1.2658227848101269	37408	3.383829086853418e-05
C11orf70	1	1.2658227848101269	37117	3.410358554867383e-05
ZNF76	1	1.2658227848101269	37076	3.4141298543805336e-05
UBXN11	1	1.2658227848101269	37035	3.4179095040100626e-05
PCDHGC3	1	1.2658227848101269	37030	3.418371009479143e-05
LTBP4	1	1.2658227848101269	36935	3.427163354027688e-05
CDKN1B	1	1.2658227848101269	36871	3.4331121608042274e-05
ZNF160	1	1.2658227848101269	36828	3.437120627810705e-05
WDR3	1	1.2658227848101269	36823	3.4375873362032605e-05
ZSWIM4	1	1.2658227848101269	36811	3.438707953628336e-05
PARP9	1	1.2658227848101269	36653	3.4535311838325006e-05
ATG4B	1	1.2658227848101269	36644	3.454379393106993e-05
ASIC5	1	1.2658227848101269	36548	3.4634529517624126e-05
C15orf57	1	1.2658227848101269	36374	3.4800208522849465e-05
VIL1	1	1.2658227848101269	34174	3.704052158980882e-05
SRSF4	1	1.2658227848101269	34157	3.705895672366211e-05
CSPG4	1	1.2658227848101269	38526	3.285632520402135e-05
CCDC136	1	1.2658227848101269	31375	4.034494931665742e-05
CTSO	1	1.2658227848101269	32332	3.9150772757952696e-05
GSTO1	1	1.2658227848101269	32103	3.943004656294199e-05
PRDX1	1	1.2658227848101269	31818	3.978322914105621e-05
RLIM	1	1.2658227848101269	31648	3.999692823591148e-05
MYH8	1	1.2658227848101269	31628	4.002222033673096e-05
POMGNT1	1	1.2658227848101269	31622	4.002981420562035e-05
POTEH	1	1.2658227848101269	31605	4.0051345825348094e-05
ZSCAN31	1	1.2658227848101269	31578	4.008559075337661e-05
PPFIA3	1	1.2658227848101269	31482	4.020782621212524e-05
LMAN1	1	1.2658227848101269	31442	4.0258977953378495e-05
VIPAS39	1	1.2658227848101269	31277	4.047136185727936e-05
DNTT	1	1.2658227848101269	34155	3.706112676943717e-05
WIBG	1	1.2658227848101269	31205	4.056474234289783e-05
FPR3	1	1.2658227848101269	31033	4.078957190120602e-05
DDX11	1	1.2658227848101269	30939	4.091350026859713e-05
ATP1A3	1	1.2658227848101269	30915	4.094526232605941e-05
SEPHS1	1	1.2658227848101269	30870	4.10049492973802e-05
ZNF729	1	1.2658227848101269	30735	4.118505888433794e-05
WTAP	1	1.2658227848101269	30734	4.118639893310752e-05
STK36	1	1.2658227848101269	30647	4.130331793683318e-05
XPNPEP2	1	1.2658227848101269	30587	4.138433925557023e-05
OTUD3	1	1.2658227848101269	30550	4.143446104124801e-05
METTL13	1	1.2658227848101269	32363	3.911327085900957e-05
PTPN23	1	1.2658227848101269	32424	3.903968618338658e-05
VWA9	1	1.2658227848101269	32536	3.890529827914085e-05
DNAJC2	1	1.2658227848101269	32541	3.889932038997347e-05
WDR75	1	1.2658227848101269	34106	3.711437239225141e-05
HIC2	1	1.2658227848101269	34092	3.712961354013043e-05
MMRN2	1	1.2658227848101269	33941	3.7294799352114745e-05
SIRT1	1	1.2658227848101269	33734	3.7523649279958696e-05
UFL1	1	1.2658227848101269	33681	3.758269602476549e-05
CEACAM7	1	1.2658227848101269	33673	3.759162488670824e-05
DSC1	1	1.2658227848101269	33620	3.765088592534582e-05
TUBD1	1	1.2658227848101269	33466	3.782414345335943e-05
HSPA14	1	1.2658227848101269	33435	3.785921294482209e-05
MYBPC2	1	1.2658227848101269	33429	3.7866008101053777e-05
VPS35	1	1.2658227848101269	33386	3.791477819475608e-05
PAX6	1	1.2658227848101269	33182	3.814787489633315e-05
SLC38A8	1	1.2658227848101269	33128	3.821005749849453e-05
NLRP3	1	1.2658227848101269	32952	3.841414132101623e-05
MAD2L2	1	1.2658227848101269	32893	3.848304456298077e-05
SLC26A2	1	1.2658227848101269	32697	3.8713728623730815e-05
MFF	1	1.2658227848101269	32682	3.873149699559778e-05
FOXN1	1	1.2658227848101269	32657	3.876114722142654e-05
SHE	1	1.2658227848101269	32640	3.87813353189377e-05
GTPBP1	1	1.2658227848101269	32557	3.888020348343295e-05
SUPT16H	1	1.2658227848101269	32543	3.889692974864415e-05
COL3A1	1	1.2658227848101269	38373	3.2987329236966785e-05
C16orf70	1	1.2658227848101269	38581	3.280948614110901e-05
RAVER1	1	1.2658227848101269	17317	7.30971175613632e-05
PCDHAC2	1	1.2658227848101269	45877	2.759166433747033e-05
HP1BP3	1	1.2658227848101269	47057	2.689977654355625e-05
DNMT3B	1	1.2658227848101269	46974	2.6947306697537505e-05
SNRNP200	1	1.2658227848101269	46933	2.697084748066662e-05
NET1	1	1.2658227848101269	46499	2.7222580804106037e-05
PGS1	1	1.2658227848101269	46465	2.7242500480149068e-05
HOXA3	1	1.2658227848101269	46399	2.7281251423740306e-05
XK	1	1.2658227848101269	46339	2.731657534280253e-05
ADGRE2	1	1.2658227848101269	46168	2.741775222686984e-05
PER2	1	1.2658227848101269	46058	2.7483233853187863e-05
ZNF410	1	1.2658227848101269	45904	2.757543536097348e-05
KRAS	1	1.2658227848101269	45690	2.7704591481946305e-05
EDRF1	1	1.2658227848101269	44628	2.8363869875641448e-05
C7orf31	1	1.2658227848101269	45664	2.7720365820123653e-05
GPR139	1	1.2658227848101269	45651	2.7728259727281477e-05
DDX50	1	1.2658227848101269	45561	2.778303340159625e-05
HADH	1	1.2658227848101269	45527	2.7803782037255403e-05
IFT172	1	1.2658227848101269	45428	2.7864374060273983e-05
NLRP4	1	1.2658227848101269	45315	2.7933858210529103e-05
HIST1H2BO	1	1.2658227848101269	380	0.0033311125916055
ADAMTS13	1	1.2658227848101269	45044	2.8101917787277472e-05
CHST12	1	1.2658227848101269	44896	2.8194555969576947e-05
UNC93A	1	1.2658227848101269	44845	2.8226620243285243e-05
SLC6A1	1	1.2658227848101269	47061	2.6897490168294907e-05
CHID1	1	1.2658227848101269	47199	2.6818847535119956e-05
DHX30	1	1.2658227848101269	47286	2.676950439474954e-05
EP400NL	1	1.2658227848101269	47356	2.672993463996382e-05
NCKAP1L	1	1.2658227848101269	50491	2.5070265687154676e-05
TTI1	1	1.2658227848101269	50454	2.5088650747415997e-05
SUPT20H	1	1.2658227848101269	50401	2.5115033130495952e-05
TLE3	1	1.2658227848101269	50386	2.512250991962304e-05
SNX19	1	1.2658227848101269	50229	2.520103495610358e-05
LPO	1	1.2658227848101269	49970	2.533165468901594e-05
EIF4E	1	1.2658227848101269	49857	2.5389068431917817e-05
CLSPN	1	1.2658227848101269	49760	2.543856078798486e-05
KL	1	1.2658227848101269	49720	2.5459026243164253e-05
SLC24A1	1	1.2658227848101269	49629	2.550570804993304e-05
CCER1	1	1.2658227848101269	49554	2.5544310949875415e-05
MYBL2	1	1.2658227848101269	49476	2.5584582116786453e-05
PTCD1	1	1.2658227848101269	49424	2.5611500178256044e-05
SASS6	1	1.2658227848101269	49392	2.5628093310862623e-05
KIF25	1	1.2658227848101269	48850	2.591244185895858e-05
SDHC	1	1.2658227848101269	48825	2.5925709878343608e-05
CCDC81	1	1.2658227848101269	48373	2.6167961152091597e-05
MSL2	1	1.2658227848101269	48324	2.6194495174450102e-05
MFSD8	1	1.2658227848101269	48235	2.624282750720694e-05
GAD1	1	1.2658227848101269	47938	2.640541501126719e-05
HACD3	1	1.2658227848101269	47931	2.6409271344435264e-05
ESM1	1	1.2658227848101269	44804	2.825245033501756e-05
GLYR1	1	1.2658227848101269	44085	2.871323091323867e-05
CLPTM1	1	1.2658227848101269	38756	3.266133720740341e-05
NBPF15	1	1.2658227848101269	40286	3.1420910112945606e-05
PSMC2	1	1.2658227848101269	41776	3.0300239008285292e-05
BET1	1	1.2658227848101269	41620	3.041381030298238e-05
CSF2RA	1	1.2658227848101269	41581	3.044233627883232e-05
EIF2D	1	1.2658227848101269	41173	3.074400176839498e-05
SLC25A25	1	1.2658227848101269	41044	3.084062919818065e-05
NUP54	1	1.2658227848101269	40923	3.093181792170971e-05
C4BPA	1	1.2658227848101269	40739	3.107152322860469e-05
NLRP13	1	1.2658227848101269	40637	3.114951361591965e-05
ARHGAP27	1	1.2658227848101269	40519	3.124022766628314e-05
SH2D3C	1	1.2658227848101269	40393	3.1337676944275654e-05
NCAN	1	1.2658227848101269	40275	3.1429491863690294e-05
ZNF157	1	1.2658227848101269	43920	2.882110165778977e-05
EPHA8	1	1.2658227848101269	40106	3.1561930504416464e-05
ZNF567	1	1.2658227848101269	40089	3.157531454538967e-05
ZNF571	1	1.2658227848101269	40010	3.1637660205201864e-05
TRPM5	1	1.2658227848101269	39999	3.164636077927265e-05
SAG	1	1.2658227848101269	39239	3.225930285710968e-05
MS4A14	1	1.2658227848101269	39226	3.2269994004235115e-05
GLE1	1	1.2658227848101269	39219	3.227575371146961e-05
GPNMB	1	1.2658227848101269	39141	3.234007268107934e-05
AKAP8L	1	1.2658227848101269	39091	3.238143779412465e-05
PKN1	1	1.2658227848101269	38814	3.2612531169426666e-05
NMUR2	1	1.2658227848101269	41822	3.0266911788296267e-05
NMNAT1	1	1.2658227848101269	42073	3.008634480094423e-05
BANF2	1	1.2658227848101269	42199	2.999651140572352e-05
METAP2	1	1.2658227848101269	42319	2.9911453125313132e-05
B9D1	1	1.2658227848101269	43885	2.8844087611031708e-05
PLAA	1	1.2658227848101269	43870	2.885394996147998e-05
NOS2	1	1.2658227848101269	43763	2.892449751639802e-05
SLC22A10	1	1.2658227848101269	43761	2.892581944677056e-05
PRPF4B	1	1.2658227848101269	43716	2.895559485794964e-05
HPS5	1	1.2658227848101269	43530	2.907931966023723e-05
DDX6	1	1.2658227848101269	43401	2.916575159121049e-05
AC004381.6	1	1.2658227848101269	43239	2.927502451051427e-05
SLC16A3	1	1.2658227848101269	43195	2.9304845116567347e-05
DDB1	1	1.2658227848101269	43145	2.9338805998612276e-05
TMEM209	1	1.2658227848101269	43057	2.939876872076844e-05
SLC31A1	1	1.2658227848101269	42948	2.947338141031309e-05
CEP57	1	1.2658227848101269	42728	2.962513538686872e-05
PPEF2	1	1.2658227848101269	42707	2.9639702737493304e-05
AXL	1	1.2658227848101269	42543	2.9753961516821256e-05
GLP1R	1	1.2658227848101269	42522	2.976865586778906e-05
ADNP	1	1.2658227848101269	42521	2.976935596082233e-05
AZIN2	1	1.2658227848101269	42388	2.986276268779198e-05
CHAF1A	1	1.2658227848101269	42378	2.9869809448537608e-05
MMEL1	1	1.2658227848101269	42377	2.9870514307528294e-05
MPP1	1	1.2658227848101269	42323	2.9908626156230106e-05
ADAMTS10	1	1.2658227848101269	30495	4.15091911726554e-05
ZNF549	1	1.2658227848101269	30217	4.1891080676775545e-05
PDCL	1	1.2658227848101269	30199	4.191604969734516e-05
FAM180A	1	1.2658227848101269	20465	6.1853055695584e-05
PGBD1	1	1.2658227848101269	20977	6.034336582019004e-05
SLC27A4	1	1.2658227848101269	20943	6.044133050709672e-05
MTHFR	1	1.2658227848101269	20732	6.105647235240818e-05
MAP1A	1	1.2658227848101269	20662	6.126332324122189e-05
SLC43A3	1	1.2658227848101269	20626	6.137025040289569e-05
CFHR3	1	1.2658227848101269	20594	6.146561060552232e-05
C17orf53	1	1.2658227848101269	20570	6.153732546476066e-05
SEPT4	1	1.2658227848101269	20568	6.154330925759076e-05
IRF6	1	1.2658227848101269	20558	6.157324568587053e-05
BSCL2	1	1.2658227848101269	20556	6.157923646673121e-05
FBXO45	1	1.2658227848101269	20448	6.190447891285831e-05
HGS	1	1.2658227848101269	19812	6.389172142187192e-05
LTBP3	1	1.2658227848101269	20371	6.213847061067824e-05
MAN2B1	1	1.2658227848101269	20231	6.256847337304763e-05
DHRS7C	1	1.2658227848101269	20158	6.27950582800936e-05
ADCK5	1	1.2658227848101269	20141	6.284806041458351e-05
TAS1R2	1	1.2658227848101269	20061	6.309868824137014e-05
CYP4F2	1	1.2658227848101269	20054	6.312071331455702e-05
MYOT	1	1.2658227848101269	19993	6.331329889511963e-05
ECI2	1	1.2658227848101269	19904	6.359640196996215e-05
P2RX1	1	1.2658227848101269	19884	6.36603693829273e-05
C16orf58	1	1.2658227848101269	19838	6.380798391017878e-05
CDCP2	1	1.2658227848101269	21083	6.0039974615098735e-05
HJURP	1	1.2658227848101269	21150	5.9849777059580455e-05
MYBPC3	1	1.2658227848101269	21296	5.9439462096643805e-05
TDRKH	1	1.2658227848101269	21309	5.940319981276111e-05
ZBTB24	1	1.2658227848101269	22607	5.599251492060541e-05
SLC35E1	1	1.2658227848101269	22584	5.604953882439455e-05
CYP4F11	1	1.2658227848101269	22500	5.6258790436005626e-05
RUVBL2	1	1.2658227848101269	22408	5.648977083229769e-05
ZNF184	1	1.2658227848101269	22375	5.6573085354642525e-05
ZNF471	1	1.2658227848101269	22371	5.658320078718549e-05
CLEC6A	1	1.2658227848101269	22368	5.659078973578893e-05
MAN1B1	1	1.2658227848101269	22332	5.668201615664189e-05
CCSAP	1	1.2658227848101269	22283	5.680665910380679e-05
AFM	1	1.2658227848101269	22256	5.687557444330187e-05
TCEAL3	1	1.2658227848101269	22239	5.6919051432624064e-05
TGDS	1	1.2658227848101269	22188	5.704988213494351e-05
CCDC157	1	1.2658227848101269	22038	5.743818789409776e-05
ZNF527	1	1.2658227848101269	22005	5.752432559918776e-05
CCNB1IP1	1	1.2658227848101269	21944	5.768423189984171e-05
CYP4F3	1	1.2658227848101269	21928	5.772632181731697e-05
CETP	1	1.2658227848101269	21922	5.7742121376248825e-05
GCM1	1	1.2658227848101269	21880	5.785296091453961e-05
PCNXL3	1	1.2658227848101269	21666	5.842438774162866e-05
GABRE	1	1.2658227848101269	21556	5.872252666589936e-05
YBX1	1	1.2658227848101269	21387	5.918655186843066e-05
CD160	1	1.2658227848101269	19817	6.38756009895608e-05
NUDT7	1	1.2658227848101269	19768	6.403393286170207e-05
CEBPZ	1	1.2658227848101269	29984	4.221660835145833e-05
CNOT3	1	1.2658227848101269	17932	7.059016199030373e-05
DNAJB11	1	1.2658227848101269	18397	6.880593492472287e-05
P2RY10	1	1.2658227848101269	18395	6.881341586355676e-05
PIGH	1	1.2658227848101269	18331	6.905366782009311e-05
SMIM21	1	1.2658227848101269	18227	6.944767569046614e-05
TMEM140	1	1.2658227848101269	18143	6.976921042882251e-05
BCAN	1	1.2658227848101269	18142	6.977305615754198e-05
ABHD8	1	1.2658227848101269	18105	6.991564677216937e-05
HRG	1	1.2658227848101269	18018	7.025323481019683e-05
IKZF5	1	1.2658227848101269	18005	7.030395916746051e-05
MCM4	1	1.2658227848101269	17975	7.042129539972887e-05
BRAT1	1	1.2658227848101269	17884	7.077962339577984e-05
CD83	1	1.2658227848101269	19662	6.437914682179466e-05
ATN1	1	1.2658227848101269	17858	7.088267358103519e-05
ZNF823	1	1.2658227848101269	17744	7.13380739861433e-05
PROKR2	1	1.2658227848101269	17736	7.137025173715193e-05
ITIH4	1	1.2658227848101269	17726	7.141051476983678e-05
OR51E2	1	1.2658227848101269	17683	7.158416472375312e-05
CCDC84	1	1.2658227848101269	17649	7.172206837838556e-05
DCSTAMP	1	1.2658227848101269	17602	7.191357713953679e-05
E2F8	1	1.2658227848101269	17557	7.209789740901786e-05
CA2	1	1.2658227848101269	17525	7.222954549558497e-05
CNTNAP1	1	1.2658227848101269	17462	7.249013771676363e-05
SIGLEC15	1	1.2658227848101269	18419	6.872375182203848e-05
PNKP	1	1.2658227848101269	18469	6.853770019005504e-05
SLC35C2	1	1.2658227848101269	18478	6.850431782715265e-05
ATP13A1	1	1.2658227848101269	18478	6.850431782715265e-05
SLC34A1	1	1.2658227848101269	19613	6.453998800847023e-05
PLXNA3	1	1.2658227848101269	19498	6.492064749256984e-05
ASPHD1	1	1.2658227848101269	19489	6.49506277802928e-05
DEF8	1	1.2658227848101269	19363	6.537327814957013e-05
CDC25B	1	1.2658227848101269	19349	6.542057908988198e-05
HRH4	1	1.2658227848101269	19324	6.550521552526013e-05
BTG3	1	1.2658227848101269	19292	6.561387024725932e-05
STRC	1	1.2658227848101269	19237	6.580146513542271e-05
PMEL	1	1.2658227848101269	19212	6.588709061056248e-05
INSRR	1	1.2658227848101269	19054	6.643344099979672e-05
ST6GALNAC1	1	1.2658227848101269	19025	6.65347061661039e-05
TNNT3	1	1.2658227848101269	19003	6.661173418987142e-05
MORN4	1	1.2658227848101269	18947	6.680861269911471e-05
PSD	1	1.2658227848101269	18922	6.689688113360779e-05
PERP	1	1.2658227848101269	18914	6.6925176314377e-05
PSMC1	1	1.2658227848101269	18902	6.696766399376397e-05
WDR13	1	1.2658227848101269	18827	6.723443909333014e-05
MUC3A	1	1.2658227848101269	18813	6.72844726949517e-05
B3GNT3	1	1.2658227848101269	18748	6.751775041658451e-05
CBLL1	1	1.2658227848101269	18594	6.807694873669606e-05
UBQLN4	1	1.2658227848101269	18499	6.842655196551848e-05
ZNF45	1	1.2658227848101269	22658	5.586648357357784e-05
ATG2A	1	1.2658227848101269	22665	5.584922942025708e-05
UBLCP1	1	1.2658227848101269	22746	5.565034664600926e-05
PLA2G4D	1	1.2658227848101269	27553	4.594137788299374e-05
HOGA1	1	1.2658227848101269	28479	4.444758540714655e-05
HACD1	1	1.2658227848101269	28342	4.46624368361487e-05
C10orf71	1	1.2658227848101269	28322	4.469397587776734e-05
CRHBP	1	1.2658227848101269	28113	4.502624354605082e-05
KIF2C	1	1.2658227848101269	27949	4.529044991985855e-05
FMO4	1	1.2658227848101269	27901	4.536836618078659e-05
JAG2	1	1.2658227848101269	27842	4.546450631456528e-05
GIMAP5	1	1.2658227848101269	27780	4.556597497516655e-05
HMGCR	1	1.2658227848101269	27672	4.574381269189529e-05
MOV10	1	1.2658227848101269	27615	4.58382322944098e-05
SLC5A7	1	1.2658227848101269	27471	4.6078511332318685e-05
CPT1C	1	1.2658227848101269	22833	5.543830354356092e-05
CAPN15	1	1.2658227848101269	26924	4.701466293307557e-05
MYCT1	1	1.2658227848101269	26672	4.7458862657848176e-05
MKRN1	1	1.2658227848101269	26503	4.776149057880718e-05
TRIP13	1	1.2658227848101269	26473	4.781561533676299e-05
AKAP8	1	1.2658227848101269	26430	4.789340843019776e-05
AKT1	1	1.2658227848101269	26402	4.794420062154862e-05
ZNF142	1	1.2658227848101269	26326	4.808260977019397e-05
MYH6	1	1.2658227848101269	26291	4.8146619938767126e-05
EIF2S1	1	1.2658227848101269	26188	4.833598536773051e-05
MLC1	1	1.2658227848101269	26035	4.8620041667375705e-05
HIP1R	1	1.2658227848101269	28508	4.440237073137809e-05
F13B	1	1.2658227848101269	28519	4.438524439181341e-05
FAM57B	1	1.2658227848101269	28551	4.433549734895894e-05
KCTD10	1	1.2658227848101269	28704	4.409917728574856e-05
HDGFRP2	1	1.2658227848101269	29924	4.230125600889341e-05
IDH1	1	1.2658227848101269	29845	4.241322783749796e-05
WSB2	1	1.2658227848101269	29743	4.255867884242096e-05
RBM4	1	1.2658227848101269	29707	4.261025296428877e-05
ZNF777	1	1.2658227848101269	29699	4.262173085996588e-05
ATP6V1B1	1	1.2658227848101269	29531	4.286420320375628e-05
CCNF	1	1.2658227848101269	29460	4.296750797047273e-05
RAD51D	1	1.2658227848101269	29301	4.320066840074149e-05
IGF2	1	1.2658227848101269	29279	4.323312902797659e-05
NPIPA1	1	1.2658227848101269	29258	4.326415971051085e-05
PPP6R1	1	1.2658227848101269	29238	4.3293754183259e-05
DONSON	1	1.2658227848101269	29164	4.340360666609953e-05
SLC25A23	1	1.2658227848101269	29124	4.34632188164444e-05
PXDC1	1	1.2658227848101269	29099	4.35005596346997e-05
MAGEA11	1	1.2658227848101269	29040	4.358893887087213e-05
TJAP1	1	1.2658227848101269	29033	4.35994483797791e-05
C19orf47	1	1.2658227848101269	28991	4.366261201097329e-05
NCOA5	1	1.2658227848101269	28971	4.3692754299476254e-05
FLNC	1	1.2658227848101269	28868	4.384864849695603e-05
TARS	1	1.2658227848101269	28843	4.388665481434409e-05
MTNR1A	1	1.2658227848101269	28775	4.399036610982195e-05
PRPH2	1	1.2658227848101269	25999	4.868736431440158e-05
TGM7	1	1.2658227848101269	25984	4.871547047452765e-05
C10orf54	1	1.2658227848101269	25939	4.879998399360525e-05
HCFC1	1	1.2658227848101269	24261	5.217521061828146e-05
ZNF146	1	1.2658227848101269	24169	5.237381707187416e-05
CRB2	1	1.2658227848101269	24154	5.240634200588418e-05
P2RY2	1	1.2658227848101269	24146	5.242370516069438e-05
AMD1	1	1.2658227848101269	24109	5.250415964204764e-05
P2RX4	1	1.2658227848101269	24041	5.265266772638936e-05
DEF6	1	1.2658227848101269	23953	5.2846106325309006e-05
MUC6	1	1.2658227848101269	23895	5.297437894162488e-05
F11	1	1.2658227848101269	23492	5.38831425510866e-05
FGD2	1	1.2658227848101269	23423	5.404187272382388e-05
UGT2A3	1	1.2658227848101269	23341	5.423172892378761e-05
JAK3	1	1.2658227848101269	23291	5.434815099438094e-05
CLUH	1	1.2658227848101269	23277	5.43808388026862e-05
RMI1	1	1.2658227848101269	23276	5.438317515080454e-05
FGR	1	1.2658227848101269	23121	5.474775246789181e-05
TRIM42	1	1.2658227848101269	23086	5.483075391190014e-05
DDX23	1	1.2658227848101269	23086	5.483075391190014e-05
KIF18B	1	1.2658227848101269	23064	5.488305518600965e-05
DNAJC25	1	1.2658227848101269	23017	5.499512468219692e-05
AADACL4	1	1.2658227848101269	22991	5.50573174203004e-05
DBH	1	1.2658227848101269	22966	5.511725092789892e-05
ADCY6	1	1.2658227848101269	22895	5.528817579428376e-05
DDX17	1	1.2658227848101269	24222	5.225921826480582e-05
DPM1	1	1.2658227848101269	24273	5.214941642195553e-05
TOP3B	1	1.2658227848101269	25788	4.9085729207775965e-05
DPH7	1	1.2658227848101269	24481	5.170633490503356e-05
FCRL1	1	1.2658227848101269	25717	4.92212460555324e-05
ZNF700	1	1.2658227848101269	25705	4.924422426804616e-05
SIGLEC1	1	1.2658227848101269	25630	4.93883255875976e-05
SPOCD1	1	1.2658227848101269	25600	4.944620253164557e-05
IFIT2	1	1.2658227848101269	25577	4.949066680260103e-05
EDN3	1	1.2658227848101269	25549	4.954490527261837e-05
NUP43	1	1.2658227848101269	25350	4.993383766509376e-05
ARHGEF5	1	1.2658227848101269	25344	4.994565912287432e-05
CENPL	1	1.2658227848101269	25333	4.996734633916735e-05
ZNF839	1	1.2658227848101269	25325	4.998313069339098e-05
LDLRAP1	1	1.2658227848101269	25280	5.00721038295145e-05
MAP7D1	1	1.2658227848101269	25270	5.009191867076085e-05
ZBTB34	1	1.2658227848101269	25239	5.015344446333557e-05
NXPE4	1	1.2658227848101269	25195	5.024103134789152e-05
RPS4Y2	1	1.2658227848101269	24924	5.078730479899401e-05
SLITRK5	1	1.2658227848101269	24901	5.083421488334311e-05
ARMC10	1	1.2658227848101269	24878	5.088121170552804e-05
SLC6A14	1	1.2658227848101269	24852	5.093444329672166e-05
TYRP1	1	1.2658227848101269	24846	5.0946743331326027e-05
TNPO2	1	1.2658227848101269	24810	5.102066847279833e-05
C14orf105	1	1.2658227848101269	24566	5.152742753440228e-05
RBFOX1	1	1.2658227848101269	2473538	5.117458413050969e-07
